"1","2383861265","tb_track_record0","3/7/2012 15:29:52","28/11/2013 17:47:53","TrackRecord0"
"2","1180277318","tb_track_record0","3/7/2012 15:29:52","28/11/2013 17:47:53","TrackRecord0"
"3","2234115285","tb_track_record0","3/7/2012 15:29:52","28/11/2013 17:47:53","TrackRecord0"
"4","3313946924","tb_track_record0","3/7/2012 15:29:52","28/11/2013 17:47:53","TrackRecord0"
"5","3702725119","tb_track_record0","3/7/2012 15:29:52","28/11/2013 17:47:53","TrackRecord0"
"6","2235896364","tb_track_record0","3/7/2012 15:29:52","28/11/2013 17:47:53","TrackRecord0"
"7","3184268187","tb_track_record0","3/7/2012 15:29:52","28/11/2013 17:47:53","TrackRecord0"
"8","2816238203","tb_track_record0","3/7/2012 15:29:52","28/11/2013 17:47:53","TrackRecord0"
"9","3076457093","tb_track_record0","3/7/2012 15:29:52","28/11/2013 17:47:53","TrackRecord0"
"10","159345763","tb_track_record0","3/7/2012 15:29:52","28/11/2013 17:47:53","TrackRecord0"
"11","2860925792","tb_track_record1","3/7/2012 15:29:52","28/11/2013 17:47:53","TrackRecord1"
"12","2636234140","tb_track_record1","3/7/2012 15:29:52","28/11/2013 17:47:53","TrackRecord1"
"13","1179828498","tb_track_record1","3/7/2012 15:29:52","28/11/2013 17:47:53","TrackRecord1"
"14","3145115168","tb_track_record1","3/7/2012 15:29:52","28/11/2013 17:47:53","TrackRecord1"
"15","2902068085","tb_track_record1","3/7/2012 15:29:52","28/11/2013 17:47:53","TrackRecord1"
"16","1104566121","tb_track_record1","3/7/2012 15:29:52","28/11/2013 17:47:53","TrackRecord1"
"17","132008018","tb_track_record1","3/7/2012 15:29:52","28/11/2013 17:47:53","TrackRecord1"
"18","52073179","tb_track_record1","3/7/2012 15:29:52","28/11/2013 17:47:53","TrackRecord1"
"19","3920942726","tb_track_record1","3/7/2012 15:29:52","28/11/2013 17:47:53","TrackRecord1"
"20","351317240","tb_track_record1","3/7/2012 15:29:52","28/11/2013 17:47:53","TrackRecord1"
"21","2067675530","tb_track_record2","3/7/2012 15:29:52","28/11/2013 17:47:53","TrackRecord2"
"22","1048410592","tb_track_record2","3/7/2012 15:29:52","28/11/2013 17:47:53","TrackRecord2"
"23","2685028706","tb_track_record2","3/7/2012 15:29:52","28/11/2013 17:47:53","TrackRecord2"
"24","565393789","tb_track_record2","3/7/2012 15:29:52","28/11/2013 17:47:53","TrackRecord2"
"25","4183948754","tb_track_record2","3/7/2012 15:29:52","28/11/2013 17:47:53","TrackRecord2"
"26","4028708832","tb_track_record2","3/7/2012 15:29:52","28/11/2013 17:47:53","TrackRecord2"
"27","2556796612","tb_track_record2","3/7/2012 15:29:52","28/11/2013 17:47:53","TrackRecord2"
"28","1678986800","tb_track_record2","3/7/2012 15:29:52","28/11/2013 17:47:53","TrackRecord2"
"29","746996614","tb_track_record2","3/7/2012 15:29:52","28/11/2013 17:47:53","TrackRecord2"
"30","451078254","tb_track_record2","3/7/2012 15:29:52","28/11/2013 17:47:53","TrackRecord2"
"31","1659654857","tb_track_record3","3/7/2012 15:29:52","28/11/2013 17:47:53","TrackRecord3"
"32","2589218768","tb_track_record3","3/7/2012 15:29:52","28/11/2013 17:47:53","TrackRecord3"
"33","3079810180","tb_track_record3","3/7/2012 15:29:52","28/11/2013 17:47:53","TrackRecord3"
"34","2893281216","tb_track_record3","3/7/2012 15:29:52","28/11/2013 17:47:53","TrackRecord3"
"35","1885410300","tb_track_record3","3/7/2012 15:29:52","28/11/2013 17:47:53","TrackRecord3"
"36","3285831626","tb_track_record3","3/7/2012 15:29:52","28/11/2013 17:47:53","TrackRecord3"
"37","3594251433","tb_track_record3","3/7/2012 15:29:52","28/11/2013 17:47:53","TrackRecord3"
"38","2499630858","tb_track_record3","3/7/2012 15:29:52","28/11/2013 17:47:53","TrackRecord3"
"39","4274585885","tb_track_record3","3/7/2012 15:29:52","28/11/2013 17:47:53","TrackRecord3"
"40","2314657766","tb_track_record3","3/7/2012 15:29:52","28/11/2013 17:47:53","TrackRecord3"
"41","353691703","tb_track_record4","3/7/2012 15:29:52","28/11/2013 17:47:53","TrackRecord4"
"42","2565732631","tb_track_record4","3/7/2012 15:29:52","28/11/2013 17:47:53","TrackRecord4"
"43","1713115239","tb_track_record4","3/7/2012 15:29:52","28/11/2013 17:47:53","TrackRecord4"
"44","2188772620","tb_track_record4","3/7/2012 15:29:52","28/11/2013 17:47:53","TrackRecord4"
"45","796020295","tb_track_record4","3/7/2012 15:29:52","28/11/2013 17:47:53","TrackRecord4"
"46","437585007","tb_track_record4","3/7/2012 15:29:52","28/11/2013 17:47:53","TrackRecord4"
"47","728923673","tb_track_record4","3/7/2012 15:29:52","28/11/2013 17:47:53","TrackRecord4"
"48","2317689850","tb_track_record4","3/7/2012 15:29:52","28/11/2013 17:47:53","TrackRecord4"
"49","815205072","tb_track_record4","3/7/2012 15:29:52","28/11/2013 17:47:53","TrackRecord4"
"50","1997806159","tb_track_record4","3/7/2012 15:29:52","28/11/2013 17:47:53","TrackRecord4"
"51","4199986866","tb_track_record5","3/7/2012 15:29:52","28/11/2013 17:47:53","TrackRecord5"
"52","3685798022","tb_track_record5","3/7/2012 15:29:52","28/11/2013 17:47:53","TrackRecord5"
"53","1955712897","tb_track_record5","3/7/2012 15:29:52","28/11/2013 17:47:53","TrackRecord5"
"54","4273268744","tb_track_record5","3/7/2012 15:29:52","28/11/2013 17:47:53","TrackRecord5"
"55","802246223","tb_track_record5","3/7/2012 15:29:52","28/11/2013 17:47:53","TrackRecord5"
"56","1828633382","tb_track_record5","3/7/2012 15:29:52","28/11/2013 17:47:53","TrackRecord5"
"57","1692390195","tb_track_record5","3/7/2012 15:29:52","28/11/2013 17:47:53","TrackRecord5"
"58","409876527","tb_track_record5","3/7/2012 15:29:52","28/11/2013 17:47:53","TrackRecord5"
"59","554002415","tb_track_record5","3/7/2012 15:29:52","28/11/2013 17:47:53","TrackRecord5"
"60","921167134","tb_track_record5","3/7/2012 15:29:52","28/11/2013 17:47:53","TrackRecord5"
"61","3617785295","tb_track_record6","3/7/2012 15:29:52","28/11/2013 17:47:53","TrackRecord6"
"62","63832094","tb_track_record6","3/7/2012 15:29:52","28/11/2013 17:47:53","TrackRecord6"
"63","971081666","tb_track_record6","3/7/2012 15:29:52","28/11/2013 17:47:53","TrackRecord6"
"64","2713618302","tb_track_record6","3/7/2012 15:29:52","28/11/2013 17:47:53","TrackRecord6"
"65","644287720","tb_track_record6","3/7/2012 15:29:52","28/11/2013 17:47:53","TrackRecord6"
"66","1121666665","tb_track_record6","3/7/2012 15:29:52","28/11/2013 17:47:53","TrackRecord6"
"67","3647362448","tb_track_record6","3/7/2012 15:29:52","28/11/2013 17:47:53","TrackRecord6"
"68","506508262","tb_track_record6","3/7/2012 15:29:52","28/11/2013 17:47:53","TrackRecord6"
"69","44147868","tb_track_record6","3/7/2012 15:29:52","28/11/2013 17:47:53","TrackRecord6"
"70","2503298271","tb_track_record6","3/7/2012 15:29:52","28/11/2013 17:47:53","TrackRecord6"
"71","2715793817","tb_track_record7","3/7/2012 15:29:52","28/11/2013 17:47:53","TrackRecord7"
"72","1742658569","tb_track_record7","3/7/2012 15:29:52","28/11/2013 17:47:53","TrackRecord7"
"73","3432151300","tb_track_record7","3/7/2012 15:29:52","28/11/2013 17:47:53","TrackRecord7"
"74","2687044445","tb_track_record7","3/7/2012 15:29:52","28/11/2013 17:47:53","TrackRecord7"
"75","904335636","tb_track_record7","3/7/2012 15:29:52","28/11/2013 17:47:53","TrackRecord7"
"76","3118192891","tb_track_record7","3/7/2012 15:29:52","28/11/2013 17:47:53","TrackRecord7"
"77","1557882990","tb_track_record7","3/7/2012 15:29:52","28/11/2013 17:47:53","TrackRecord7"
"78","2460017450","tb_track_record7","3/7/2012 15:29:52","28/11/2013 17:47:53","TrackRecord7"
"79","1288493964","tb_track_record7","3/7/2012 15:29:52","28/11/2013 17:47:53","TrackRecord7"
"80","1963235612","tb_track_record7","3/7/2012 15:29:52","28/11/2013 17:47:53","TrackRecord7"
"81","2983894437","tb_track_record8","3/7/2012 15:29:52","28/11/2013 17:47:53","TrackRecord8"
"82","2350055199","tb_track_record8","3/7/2012 15:29:52","28/11/2013 17:47:53","TrackRecord8"
"83","4243644105","tb_track_record8","3/7/2012 15:29:52","28/11/2013 17:47:53","TrackRecord8"
"84","3092434740","tb_track_record8","3/7/2012 15:29:52","28/11/2013 17:47:53","TrackRecord8"
"85","2787213899","tb_track_record8","3/7/2012 15:29:52","28/11/2013 17:47:53","TrackRecord8"
"86","158533313","tb_track_record8","3/7/2012 15:29:52","28/11/2013 17:47:53","TrackRecord8"
"87","1057777414","tb_track_record8","3/7/2012 15:29:52","28/11/2013 17:47:53","TrackRecord8"
"88","4154136255","tb_track_record8","3/7/2012 15:29:52","28/11/2013 17:47:53","TrackRecord8"
"89","320482031","tb_track_record8","3/7/2012 15:29:52","28/11/2013 17:47:53","TrackRecord8"
"90","3985178404","tb_track_record8","3/7/2012 15:29:52","28/11/2013 17:47:53","TrackRecord8"
"91","1631464039","tb_track_record9","3/7/2012 15:29:52","28/11/2013 17:47:53","TrackRecord9"
"92","1616774649","tb_track_record9","3/7/2012 15:29:52","28/11/2013 17:47:54","TrackRecord9"
"93","246988168","tb_track_record9","3/7/2012 15:29:52","28/11/2013 17:47:54","TrackRecord9"
"94","364617902","tb_track_record9","3/7/2012 15:29:52","28/11/2013 17:47:54","TrackRecord9"
"95","513456324","tb_track_record9","3/7/2012 15:29:52","28/11/2013 17:47:54","TrackRecord9"
"96","327215800","tb_track_record9","3/7/2012 15:29:52","28/11/2013 17:47:54","TrackRecord9"
"97","3309663297","tb_track_record9","3/7/2012 15:29:52","28/11/2013 17:47:54","TrackRecord9"
"98","2260237054","tb_track_record9","3/7/2012 15:29:52","28/11/2013 17:47:54","TrackRecord9"
"99","2775022170","tb_track_record9","3/7/2012 15:29:52","28/11/2013 17:47:54","TrackRecord9"
"100","692136216","tb_track_record9","3/7/2012 15:29:52","28/11/2013 17:47:54","TrackRecord9"
"101","811909612","tb_track_record10","3/7/2012 15:29:52","28/11/2013 17:47:54","TrackRecord10"
"102","840879054","tb_track_record10","3/7/2012 15:29:52","28/11/2013 17:47:54","TrackRecord10"
"103","118584482","tb_track_record10","3/7/2012 15:29:52","28/11/2013 17:47:54","TrackRecord10"
"104","2010541642","tb_track_record10","3/7/2012 15:29:52","28/11/2013 17:47:54","TrackRecord10"
"105","1202835876","tb_track_record10","3/7/2012 15:29:52","28/11/2013 17:47:54","TrackRecord10"
"106","2020498705","tb_track_record10","3/7/2012 15:29:52","28/11/2013 17:47:54","TrackRecord10"
"107","2675121612","tb_track_record10","3/7/2012 15:29:52","28/11/2013 17:47:54","TrackRecord10"
"108","462362321","tb_track_record10","3/7/2012 15:29:52","28/11/2013 17:47:54","TrackRecord10"
"109","1539031642","tb_track_record10","3/7/2012 15:29:52","28/11/2013 17:47:54","TrackRecord10"
"110","4060654564","tb_track_record10","3/7/2012 15:29:52","28/11/2013 17:47:54","TrackRecord10"
"111","3239630391","tb_track_record11","3/7/2012 15:29:52","28/11/2013 17:47:54","TrackRecord11"
"112","2195858076","tb_track_record11","3/7/2012 15:29:52","28/11/2013 17:47:54","TrackRecord11"
"113","2291619301","tb_track_record11","3/7/2012 15:29:52","28/11/2013 17:47:54","TrackRecord11"
"114","737487417","tb_track_record11","3/7/2012 15:29:52","28/11/2013 17:47:54","TrackRecord11"
"115","3883791602","tb_track_record11","3/7/2012 15:29:52","28/11/2013 17:47:54","TrackRecord11"
"116","4086191611","tb_track_record11","3/7/2012 15:29:52","28/11/2013 17:47:54","TrackRecord11"
"117","2496448639","tb_track_record11","3/7/2012 15:29:52","28/11/2013 17:47:54","TrackRecord11"
"118","2708321389","tb_track_record11","3/7/2012 15:29:52","28/11/2013 17:47:54","TrackRecord11"
"119","495955507","tb_track_record11","3/7/2012 15:29:52","28/11/2013 17:47:54","TrackRecord11"
"120","2692264122","tb_track_record11","3/7/2012 15:29:52","28/11/2013 17:47:54","TrackRecord11"
"121","1204988787","tb_track_record12","3/7/2012 15:29:52","28/11/2013 17:47:54","TrackRecord12"
"122","979993709","tb_track_record12","3/7/2012 15:29:52","28/11/2013 17:47:54","TrackRecord12"
"123","2692451842","tb_track_record12","3/7/2012 15:29:52","28/11/2013 17:47:54","TrackRecord12"
"124","981850179","tb_track_record12","3/7/2012 15:29:52","28/11/2013 17:47:54","TrackRecord12"
"125","123965267","tb_track_record12","3/7/2012 15:29:52","28/11/2013 17:47:54","TrackRecord12"
"126","1009723833","tb_track_record12","3/7/2012 15:29:52","28/11/2013 17:47:54","TrackRecord12"
"127","396164029","tb_track_record12","3/7/2012 15:29:52","28/11/2013 17:47:54","TrackRecord12"
"128","2792222736","tb_track_record12","3/7/2012 15:29:52","28/11/2013 17:47:54","TrackRecord12"
"129","319585997","tb_track_record12","3/7/2012 15:29:52","28/11/2013 17:47:54","TrackRecord12"
"130","3560315543","tb_track_record12","3/7/2012 15:29:52","28/11/2013 17:47:54","TrackRecord12"
"131","1701711995","tb_track_record13","3/7/2012 15:29:52","28/11/2013 17:47:54","TrackRecord13"
"132","2287161259","tb_track_record13","3/7/2012 15:29:52","28/11/2013 17:47:54","TrackRecord13"
"133","1215667982","tb_track_record13","3/7/2012 15:29:52","28/11/2013 17:47:54","TrackRecord13"
"134","128116761","tb_track_record13","3/7/2012 15:29:52","28/11/2013 17:47:54","TrackRecord13"
"135","594484493","tb_track_record13","3/7/2012 15:29:52","28/11/2013 17:47:54","TrackRecord13"
"136","838572069","tb_track_record13","3/7/2012 15:29:52","28/11/2013 17:47:54","TrackRecord13"
"137","488621825","tb_track_record13","3/7/2012 15:29:52","28/11/2013 17:47:54","TrackRecord13"
"138","2663672407","tb_track_record13","3/7/2012 15:29:52","28/11/2013 17:47:54","TrackRecord13"
"139","3716067265","tb_track_record13","3/7/2012 15:29:52","28/11/2013 17:47:54","TrackRecord13"
"140","370318397","tb_track_record13","3/7/2012 15:29:52","28/11/2013 17:47:54","TrackRecord13"
"141","955380192","tb_track_record14","3/7/2012 15:29:52","28/11/2013 17:47:54","TrackRecord14"
"142","4001432891","tb_track_record14","3/7/2012 15:29:52","28/11/2013 17:47:54","TrackRecord14"
"143","493117677","tb_track_record14","3/7/2012 15:29:52","28/11/2013 17:47:54","TrackRecord14"
"144","1161084877","tb_track_record14","3/7/2012 15:29:52","28/11/2013 17:47:54","TrackRecord14"
"145","653540904","tb_track_record14","3/7/2012 15:29:52","28/11/2013 17:47:54","TrackRecord14"
"146","4018327090","tb_track_record14","3/7/2012 15:29:52","28/11/2013 17:47:54","TrackRecord14"
"147","830591933","tb_track_record14","3/7/2012 15:29:52","28/11/2013 17:47:54","TrackRecord14"
"148","2727273633","tb_track_record14","3/7/2012 15:29:52","28/11/2013 17:47:54","TrackRecord14"
"149","324788554","tb_track_record14","3/7/2012 15:29:52","28/11/2013 17:47:54","TrackRecord14"
"150","2638597008","tb_track_record14","3/7/2012 15:29:52","28/11/2013 17:47:54","TrackRecord14"
"151","3289175535","tb_track_record15","3/7/2012 15:29:52","28/11/2013 17:47:54","TrackRecord15"
"152","2890903528","tb_track_record15","3/7/2012 15:29:52","28/11/2013 17:47:54","TrackRecord15"
"153","1225084227","tb_track_record15","3/7/2012 15:29:52","28/11/2013 17:47:54","TrackRecord15"
"154","2325162780","tb_track_record15","3/7/2012 15:29:52","28/11/2013 17:47:54","TrackRecord15"
"155","1114251030","tb_track_record15","3/7/2012 15:29:52","28/11/2013 17:47:54","TrackRecord15"
"156","591262114","tb_track_record15","3/7/2012 15:29:52","28/11/2013 17:47:54","TrackRecord15"
"157","1907818048","tb_track_record15","3/7/2012 15:29:52","28/11/2013 17:47:54","TrackRecord15"
"158","3882319520","tb_track_record15","3/7/2012 15:29:52","28/11/2013 17:47:54","TrackRecord15"
"159","3213625444","tb_track_record15","3/7/2012 15:29:52","28/11/2013 17:47:54","TrackRecord15"
"160","3486495704","tb_track_record15","3/7/2012 15:29:52","28/11/2013 17:47:54","TrackRecord15"
"161","3860224546","tb_track_record16","3/7/2012 15:29:52","28/11/2013 17:47:54","TrackRecord16"
"162","609084950","tb_track_record16","3/7/2012 15:29:52","28/11/2013 17:47:54","TrackRecord16"
"163","1644015998","tb_track_record16","3/7/2012 15:29:52","28/11/2013 17:47:54","TrackRecord16"
"164","2480860014","tb_track_record16","3/7/2012 15:29:52","28/11/2013 17:47:54","TrackRecord16"
"165","1866768773","tb_track_record16","3/7/2012 15:29:52","28/11/2013 17:47:54","TrackRecord16"
"166","1989320503","tb_track_record16","3/7/2012 15:29:52","28/11/2013 17:47:54","TrackRecord16"
"167","3756988943","tb_track_record16","3/7/2012 15:29:52","28/11/2013 17:47:54","TrackRecord16"
"168","846659005","tb_track_record16","3/7/2012 15:29:52","28/11/2013 17:47:54","TrackRecord16"
"169","2613909520","tb_track_record16","3/7/2012 15:29:52","28/11/2013 17:47:54","TrackRecord16"
"170","656188035","tb_track_record16","3/7/2012 15:29:52","28/11/2013 17:47:54","TrackRecord16"
"171","3383598179","tb_track_record17","3/7/2012 15:29:52","28/11/2013 17:47:54","TrackRecord17"
"172","766947627","tb_track_record17","3/7/2012 15:29:52","28/11/2013 17:47:54","TrackRecord17"
"173","3639391391","tb_track_record17","3/7/2012 15:29:52","28/11/2013 17:47:54","TrackRecord17"
"174","3280467592","tb_track_record17","3/7/2012 15:29:52","28/11/2013 17:47:54","TrackRecord17"
"175","1351601859","tb_track_record17","3/7/2012 15:29:52","28/11/2013 17:47:54","TrackRecord17"
"176","3863088103","tb_track_record17","3/7/2012 15:29:52","28/11/2013 17:47:54","TrackRecord17"
"177","926443250","tb_track_record17","3/7/2012 15:29:52","28/11/2013 17:47:54","TrackRecord17"
"178","2849980818","tb_track_record17","3/7/2012 15:29:52","28/11/2013 17:47:54","TrackRecord17"
"179","789830969","tb_track_record17","3/7/2012 15:29:52","28/11/2013 17:47:54","TrackRecord17"
"180","340487828","tb_track_record17","3/7/2012 15:29:52","28/11/2013 17:47:54","TrackRecord17"
"181","2249534317","tb_track_record18","3/7/2012 15:29:52","28/11/2013 17:47:54","TrackRecord18"
"182","3322187192","tb_track_record18","3/7/2012 15:29:52","28/11/2013 17:47:54","TrackRecord18"
"183","1272665237","tb_track_record18","3/7/2012 15:29:52","28/11/2013 17:47:54","TrackRecord18"
"184","1404791431","tb_track_record18","3/7/2012 15:29:52","28/11/2013 17:47:54","TrackRecord18"
"185","733918222","tb_track_record18","3/7/2012 15:29:52","28/11/2013 17:47:54","TrackRecord18"
"186","1877900830","tb_track_record18","3/7/2012 15:29:52","28/11/2013 17:47:54","TrackRecord18"
"187","2684336879","tb_track_record18","3/7/2012 15:29:52","28/11/2013 17:47:54","TrackRecord18"
"188","150503878","tb_track_record18","3/7/2012 15:29:52","28/11/2013 17:47:54","TrackRecord18"
"189","1912985607","tb_track_record18","3/7/2012 15:29:52","28/11/2013 17:47:54","TrackRecord18"
"190","3287253502","tb_track_record18","3/7/2012 15:29:52","28/11/2013 17:47:54","TrackRecord18"
"191","3529678783","tb_track_record19","3/7/2012 15:29:52","28/11/2013 17:47:54","TrackRecord19"
"192","410696413","tb_track_record19","3/7/2012 15:29:52","28/11/2013 17:47:54","TrackRecord19"
"193","2230841167","tb_track_record19","3/7/2012 15:29:52","28/11/2013 17:47:54","TrackRecord19"
"194","968707958","tb_track_record19","3/7/2012 15:29:52","28/11/2013 17:47:54","TrackRecord19"
"195","1575112084","tb_track_record19","3/7/2012 15:29:52","28/11/2013 17:47:54","TrackRecord19"
"196","2649836647","tb_track_record19","3/7/2012 15:29:52","28/11/2013 17:47:54","TrackRecord19"
"197","1030562822","tb_track_record19","3/7/2012 15:29:52","28/11/2013 17:47:54","TrackRecord19"
"198","1316097113","tb_track_record19","3/7/2012 15:29:52","28/11/2013 17:47:54","TrackRecord19"
"199","3087688263","tb_track_record19","3/7/2012 15:29:52","28/11/2013 17:47:54","TrackRecord19"
"200","1260071227","tb_track_record19","3/7/2012 15:29:52","28/11/2013 17:47:54","TrackRecord19"
"201","2267701336","tb_track_record20","3/7/2012 15:29:52","28/11/2013 17:47:54","TrackRecord20"
"202","99438227","tb_track_record20","3/7/2012 15:29:52","28/11/2013 17:47:54","TrackRecord20"
"203","2094559344","tb_track_record20","3/7/2012 15:29:52","28/11/2013 17:47:54","TrackRecord20"
"204","1321926340","tb_track_record20","3/7/2012 15:29:52","28/11/2013 17:47:54","TrackRecord20"
"205","3962811786","tb_track_record20","3/7/2012 15:29:52","28/11/2013 17:47:54","TrackRecord20"
"206","528621829","tb_track_record20","3/7/2012 15:29:52","28/11/2013 17:47:54","TrackRecord20"
"207","3665263337","tb_track_record20","3/7/2012 15:29:52","28/11/2013 17:47:54","TrackRecord20"
"208","3547067685","tb_track_record20","3/7/2012 15:29:52","28/11/2013 17:47:54","TrackRecord20"
"209","2356979051","tb_track_record20","3/7/2012 15:29:52","28/11/2013 17:47:54","TrackRecord20"
"210","1106820541","tb_track_record20","3/7/2012 15:29:52","28/11/2013 17:47:54","TrackRecord20"
"211","4272985051","tb_track_record21","3/7/2012 15:29:52","28/11/2013 17:47:54","TrackRecord21"
"212","53292435","tb_track_record21","3/7/2012 15:29:52","28/11/2013 17:47:54","TrackRecord21"
"213","3822471021","tb_track_record21","3/7/2012 15:29:52","28/11/2013 17:47:54","TrackRecord21"
"214","1003919389","tb_track_record21","3/7/2012 15:29:52","28/11/2013 17:47:54","TrackRecord21"
"215","3224758740","tb_track_record21","3/7/2012 15:29:52","28/11/2013 17:47:54","TrackRecord21"
"216","3153219945","tb_track_record21","3/7/2012 15:29:52","28/11/2013 17:47:54","TrackRecord21"
"217","4022050410","tb_track_record21","3/7/2012 15:29:52","28/11/2013 17:47:54","TrackRecord21"
"218","1637905942","tb_track_record21","3/7/2012 15:29:52","28/11/2013 17:47:54","TrackRecord21"
"219","2401778620","tb_track_record21","3/7/2012 15:29:52","28/11/2013 17:47:54","TrackRecord21"
"220","2208487265","tb_track_record21","3/7/2012 15:29:52","28/11/2013 17:47:54","TrackRecord21"
"221","3872574239","tb_track_record22","3/7/2012 15:29:52","28/11/2013 17:47:54","TrackRecord22"
"222","94608011","tb_track_record22","3/7/2012 15:29:52","28/11/2013 17:47:54","TrackRecord22"
"223","3499514826","tb_track_record22","3/7/2012 15:29:52","28/11/2013 17:47:54","TrackRecord22"
"224","3101948008","tb_track_record22","3/7/2012 15:29:52","28/11/2013 17:47:54","TrackRecord22"
"225","3879891669","tb_track_record22","3/7/2012 15:29:52","28/11/2013 17:47:54","TrackRecord22"
"226","2674698299","tb_track_record22","3/7/2012 15:29:52","28/11/2013 17:47:54","TrackRecord22"
"227","2812884622","tb_track_record22","3/7/2012 15:29:52","28/11/2013 17:47:54","TrackRecord22"
"228","3005216907","tb_track_record22","3/7/2012 15:29:52","28/11/2013 17:47:54","TrackRecord22"
"229","2722429293","tb_track_record22","3/7/2012 15:29:52","28/11/2013 17:47:54","TrackRecord22"
"230","1555312628","tb_track_record22","3/7/2012 15:29:52","28/11/2013 17:47:54","TrackRecord22"
"231","3068002657","tb_track_record23","3/7/2012 15:29:52","28/11/2013 17:47:54","TrackRecord23"
"232","1633740060","tb_track_record23","3/7/2012 15:29:52","28/11/2013 17:47:54","TrackRecord23"
"233","363545178","tb_track_record23","3/7/2012 15:29:52","28/11/2013 17:47:54","TrackRecord23"
"234","732660337","tb_track_record23","3/7/2012 15:29:52","28/11/2013 17:47:54","TrackRecord23"
"235","313492975","tb_track_record23","3/7/2012 15:29:52","28/11/2013 17:47:54","TrackRecord23"
"236","2099654627","tb_track_record23","3/7/2012 15:29:52","28/11/2013 17:47:54","TrackRecord23"
"237","63350046","tb_track_record23","3/7/2012 15:29:52","28/11/2013 17:47:54","TrackRecord23"
"238","313716557","tb_track_record23","3/7/2012 15:29:52","28/11/2013 17:47:54","TrackRecord23"
"239","4071625663","tb_track_record23","3/7/2012 15:29:52","28/11/2013 17:47:54","TrackRecord23"
"240","984689195","tb_track_record23","3/7/2012 15:29:52","28/11/2013 17:47:54","TrackRecord23"
"241","372880598","tb_track_record24","3/7/2012 15:29:52","28/11/2013 17:47:54","TrackRecord24"
"242","710862311","tb_track_record24","3/7/2012 15:29:52","28/11/2013 17:47:54","TrackRecord24"
"243","1803055639","tb_track_record24","3/7/2012 15:29:52","28/11/2013 17:47:54","TrackRecord24"
"244","3233111223","tb_track_record24","3/7/2012 15:29:52","28/11/2013 17:47:54","TrackRecord24"
"245","2617645691","tb_track_record24","3/7/2012 15:29:52","28/11/2013 17:47:54","TrackRecord24"
"246","3611900551","tb_track_record24","3/7/2012 15:29:52","28/11/2013 17:47:54","TrackRecord24"
"247","3074741334","tb_track_record24","3/7/2012 15:29:52","28/11/2013 17:47:54","TrackRecord24"
"248","700531952","tb_track_record24","3/7/2012 15:29:52","28/11/2013 17:47:54","TrackRecord24"
"249","1149192842","tb_track_record24","3/7/2012 15:29:52","28/11/2013 17:47:54","TrackRecord24"
"250","3555659456","tb_track_record24","3/7/2012 15:29:52","28/11/2013 17:47:54","TrackRecord24"
"251","2338800404","tb_track_record25","3/7/2012 15:29:52","28/11/2013 17:47:54","TrackRecord25"
"252","3036662483","tb_track_record25","3/7/2012 15:29:52","28/11/2013 17:47:54","TrackRecord25"
"253","116212745","tb_track_record25","3/7/2012 15:29:52","28/11/2013 17:47:54","TrackRecord25"
"254","3651382557","tb_track_record25","3/7/2012 15:29:52","28/11/2013 17:47:54","TrackRecord25"
"255","1039468070","tb_track_record25","3/7/2012 15:29:52","28/11/2013 17:47:54","TrackRecord25"
"256","4271075762","tb_track_record25","3/7/2012 15:29:52","28/11/2013 17:47:54","TrackRecord25"
"257","2586982624","tb_track_record25","3/7/2012 15:29:52","28/11/2013 17:47:54","TrackRecord25"
"258","3188277945","tb_track_record25","3/7/2012 15:29:52","28/11/2013 17:47:54","TrackRecord25"
"259","1753486275","tb_track_record25","3/7/2012 15:29:52","28/11/2013 17:47:54","TrackRecord25"
"260","2158427067","tb_track_record25","3/7/2012 15:29:52","28/11/2013 17:47:54","TrackRecord25"
"261","4151580558","tb_track_record26","3/7/2012 15:29:52","28/11/2013 17:47:54","TrackRecord26"
"262","43273823","tb_track_record26","3/7/2012 15:29:52","28/11/2013 17:47:54","TrackRecord26"
"263","3228235815","tb_track_record26","3/7/2012 15:29:52","28/11/2013 17:47:54","TrackRecord26"
"264","4051679705","tb_track_record26","3/7/2012 15:29:52","28/11/2013 17:47:54","TrackRecord26"
"265","4034216978","tb_track_record26","3/7/2012 15:29:52","28/11/2013 17:47:54","TrackRecord26"
"266","2316429413","tb_track_record26","3/7/2012 15:29:52","28/11/2013 17:47:54","TrackRecord26"
"267","3026248669","tb_track_record26","3/7/2012 15:29:52","28/11/2013 17:47:54","TrackRecord26"
"268","157413781","tb_track_record26","3/7/2012 15:29:52","28/11/2013 17:47:54","TrackRecord26"
"269","2152411419","tb_track_record26","3/7/2012 15:29:52","28/11/2013 17:47:54","TrackRecord26"
"270","1230400650","tb_track_record26","3/7/2012 15:29:52","28/11/2013 17:47:54","TrackRecord26"
"271","456395346","tb_track_record27","3/7/2012 15:29:52","28/11/2013 17:47:54","TrackRecord27"
"272","4246488519","tb_track_record27","3/7/2012 15:29:52","28/11/2013 17:47:54","TrackRecord27"
"273","3321280692","tb_track_record27","3/7/2012 15:29:52","28/11/2013 17:47:54","TrackRecord27"
"274","3135055789","tb_track_record27","3/7/2012 15:29:52","28/11/2013 17:47:54","TrackRecord27"
"275","3972563695","tb_track_record27","3/7/2012 15:29:52","28/11/2013 17:47:54","TrackRecord27"
"276","672569034","tb_track_record27","3/7/2012 15:29:52","28/11/2013 17:47:54","TrackRecord27"
"277","1569656739","tb_track_record27","3/7/2012 15:29:52","28/11/2013 17:47:54","TrackRecord27"
"278","4241766137","tb_track_record27","3/7/2012 15:29:52","28/11/2013 17:47:54","TrackRecord27"
"279","2246726757","tb_track_record27","3/7/2012 15:29:52","28/11/2013 17:47:54","TrackRecord27"
"280","2176971398","tb_track_record27","3/7/2012 15:29:52","28/11/2013 17:47:54","TrackRecord27"
"281","3495698107","tb_track_record28","3/7/2012 15:29:52","28/11/2013 17:47:54","TrackRecord28"
"282","2006145481","tb_track_record28","3/7/2012 15:29:52","28/11/2013 17:47:54","TrackRecord28"
"283","3641904267","tb_track_record28","3/7/2012 15:29:52","28/11/2013 17:47:54","TrackRecord28"
"284","1471833105","tb_track_record28","3/7/2012 15:29:52","28/11/2013 17:47:54","TrackRecord28"
"285","678266381","tb_track_record28","3/7/2012 15:29:52","28/11/2013 17:47:54","TrackRecord28"
"286","1724110239","tb_track_record28","3/7/2012 15:29:52","28/11/2013 17:47:54","TrackRecord28"
"287","405125139","tb_track_record28","3/7/2012 15:29:52","28/11/2013 17:47:54","TrackRecord28"
"288","2116358387","tb_track_record28","3/7/2012 15:29:52","28/11/2013 17:47:54","TrackRecord28"
"289","3997462830","tb_track_record28","3/7/2012 15:29:52","28/11/2013 17:47:54","TrackRecord28"
"290","92858869","tb_track_record28","3/7/2012 15:29:52","28/11/2013 17:47:54","TrackRecord28"
"291","998665578","tb_track_record29","3/7/2012 15:29:52","28/11/2013 17:47:54","TrackRecord29"
"292","1616033909","tb_track_record29","3/7/2012 15:29:52","28/11/2013 17:47:54","TrackRecord29"
"293","2392924610","tb_track_record29","3/7/2012 15:29:52","28/11/2013 17:47:54","TrackRecord29"
"294","3191530728","tb_track_record29","3/7/2012 15:29:52","28/11/2013 17:47:54","TrackRecord29"
"295","627427876","tb_track_record29","3/7/2012 15:29:52","28/11/2013 17:47:54","TrackRecord29"
"296","109615859","tb_track_record29","3/7/2012 15:29:52","28/11/2013 17:47:54","TrackRecord29"
"297","2596663947","tb_track_record29","3/7/2012 15:29:52","28/11/2013 17:47:54","TrackRecord29"
"298","639803291","tb_track_record29","3/7/2012 15:29:52","28/11/2013 17:47:54","TrackRecord29"
"299","942858253","tb_track_record29","3/7/2012 15:29:52","28/11/2013 17:47:54","TrackRecord29"
"300","38089890","tb_track_record29","3/7/2012 15:29:52","28/11/2013 17:47:54","TrackRecord29"
"301","3222968027","tb_track_record30","3/7/2012 15:29:52","28/11/2013 17:47:54","TrackRecord30"
"302","1642897276","tb_track_record30","3/7/2012 15:29:52","28/11/2013 17:47:54","TrackRecord30"
"303","2360727779","tb_track_record30","3/7/2012 15:29:52","28/11/2013 17:47:54","TrackRecord30"
"304","1357760076","tb_track_record30","3/7/2012 15:29:52","28/11/2013 17:47:54","TrackRecord30"
"305","2502748854","tb_track_record30","3/7/2012 15:29:52","28/11/2013 17:47:54","TrackRecord30"
"306","687891085","tb_track_record30","3/7/2012 15:29:52","28/11/2013 17:47:54","TrackRecord30"
"307","4211005921","tb_track_record30","3/7/2012 15:29:52","28/11/2013 17:47:54","TrackRecord30"
"308","4121471635","tb_track_record30","3/7/2012 15:29:52","28/11/2013 17:47:54","TrackRecord30"
"309","836366681","tb_track_record30","3/7/2012 15:29:52","28/11/2013 17:47:54","TrackRecord30"
"310","3764837843","tb_track_record30","3/7/2012 15:29:52","28/11/2013 17:47:54","TrackRecord30"
"311","2847164126","tb_track_record31","3/7/2012 15:29:52","28/11/2013 17:47:54","TrackRecord31"
"312","1714466617","tb_track_record31","3/7/2012 15:29:52","28/11/2013 17:47:54","TrackRecord31"
"313","3707500708","tb_track_record31","3/7/2012 15:29:52","28/11/2013 17:47:54","TrackRecord31"
"314","2809996657","tb_track_record31","3/7/2012 15:29:52","28/11/2013 17:47:54","TrackRecord31"
"315","4112926797","tb_track_record31","3/7/2012 15:29:52","28/11/2013 17:47:54","TrackRecord31"
"316","1380552045","tb_track_record31","3/7/2012 15:29:52","28/11/2013 17:47:54","TrackRecord31"
"317","2907493181","tb_track_record31","3/7/2012 15:29:52","28/11/2013 17:47:54","TrackRecord31"
"318","2908475350","tb_track_record31","3/7/2012 15:29:52","28/11/2013 17:47:54","TrackRecord31"
"319","2296774328","tb_track_record31","3/7/2012 15:29:52","28/11/2013 17:47:54","TrackRecord31"
"320","4011608170","tb_track_record31","3/7/2012 15:29:52","28/11/2013 17:47:54","TrackRecord31"
"321","1526676596","tb_track_record32","3/7/2012 15:29:52","28/11/2013 17:47:54","TrackRecord32"
"322","43380355","tb_track_record32","3/7/2012 15:29:52","28/11/2013 17:47:54","TrackRecord32"
"323","3518805463","tb_track_record32","3/7/2012 15:29:52","28/11/2013 17:47:54","TrackRecord32"
"324","2698319987","tb_track_record32","3/7/2012 15:29:52","28/11/2013 17:47:54","TrackRecord32"
"325","3311629381","tb_track_record32","3/7/2012 15:29:52","28/11/2013 17:47:54","TrackRecord32"
"326","862189214","tb_track_record32","3/7/2012 15:29:52","28/11/2013 17:47:54","TrackRecord32"
"327","3308599943","tb_track_record32","3/7/2012 15:29:52","28/11/2013 17:47:54","TrackRecord32"
"328","3545684835","tb_track_record32","3/7/2012 15:29:52","28/11/2013 17:47:54","TrackRecord32"
"329","1117792569","tb_track_record32","3/7/2012 15:29:52","28/11/2013 17:47:54","TrackRecord32"
"330","34873041","tb_track_record32","3/7/2012 15:29:52","28/11/2013 17:47:54","TrackRecord32"
"331","4208252397","tb_track_record33","3/7/2012 15:29:52","28/11/2013 17:47:54","TrackRecord33"
"332","1954605150","tb_track_record33","3/7/2012 15:29:52","28/11/2013 17:47:54","TrackRecord33"
"333","3752032210","tb_track_record33","3/7/2012 15:29:52","28/11/2013 17:47:54","TrackRecord33"
"334","3187577078","tb_track_record33","3/7/2012 15:29:52","28/11/2013 17:47:54","TrackRecord33"
"335","2899123902","tb_track_record33","3/7/2012 15:29:52","28/11/2013 17:47:54","TrackRecord33"
"336","149844713","tb_track_record33","3/7/2012 15:29:52","28/11/2013 17:47:54","TrackRecord33"
"337","2336871722","tb_track_record33","3/7/2012 15:29:52","28/11/2013 17:47:54","TrackRecord33"
"338","4231987358","tb_track_record33","3/7/2012 15:29:52","28/11/2013 17:47:54","TrackRecord33"
"339","3859845598","tb_track_record33","3/7/2012 15:29:52","28/11/2013 17:47:54","TrackRecord33"
"340","3839180425","tb_track_record33","3/7/2012 15:29:52","28/11/2013 17:47:54","TrackRecord33"
"341","1842585498","tb_track_record34","3/7/2012 15:29:52","28/11/2013 17:47:54","TrackRecord34"
"342","2930959878","tb_track_record34","3/7/2012 15:29:52","28/11/2013 17:47:54","TrackRecord34"
"343","950530887","tb_track_record34","3/7/2012 15:29:52","28/11/2013 17:47:54","TrackRecord34"
"344","19907251","tb_track_record34","3/7/2012 15:29:52","28/11/2013 17:47:54","TrackRecord34"
"345","4229677992","tb_track_record34","3/7/2012 15:29:52","28/11/2013 17:47:54","TrackRecord34"
"346","1185836602","tb_track_record34","3/7/2012 15:29:52","28/11/2013 17:47:54","TrackRecord34"
"347","1194116544","tb_track_record34","3/7/2012 15:29:52","28/11/2013 17:47:54","TrackRecord34"
"348","153742590","tb_track_record34","3/7/2012 15:29:52","28/11/2013 17:47:54","TrackRecord34"
"349","6787109","tb_track_record34","3/7/2012 15:29:52","28/11/2013 17:47:54","TrackRecord34"
"350","995561595","tb_track_record34","3/7/2012 15:29:52","28/11/2013 17:47:54","TrackRecord34"
"351","3405789587","tb_track_record35","3/7/2012 15:29:52","28/11/2013 17:47:54","TrackRecord35"
"352","1130486745","tb_track_record35","3/7/2012 15:29:52","28/11/2013 17:47:54","TrackRecord35"
"353","2667315918","tb_track_record35","3/7/2012 15:29:52","28/11/2013 17:47:54","TrackRecord35"
"354","943728012","tb_track_record35","3/7/2012 15:29:52","28/11/2013 17:47:54","TrackRecord35"
"355","2898938413","tb_track_record35","3/7/2012 15:29:52","28/11/2013 17:47:54","TrackRecord35"
"356","2353831744","tb_track_record35","3/7/2012 15:29:52","28/11/2013 17:47:54","TrackRecord35"
"357","2184759291","tb_track_record35","3/7/2012 15:29:52","28/11/2013 17:47:54","TrackRecord35"
"358","3932493523","tb_track_record35","3/7/2012 15:29:52","28/11/2013 17:47:54","TrackRecord35"
"359","2634852059","tb_track_record35","3/7/2012 15:29:52","28/11/2013 17:47:54","TrackRecord35"
"360","1813212876","tb_track_record35","3/7/2012 15:29:52","28/11/2013 17:47:54","TrackRecord35"
"361","2775873720","tb_track_record36","3/7/2012 15:29:52","28/11/2013 17:47:54","TrackRecord36"
"362","1959869049","tb_track_record36","3/7/2012 15:29:52","28/11/2013 17:47:54","TrackRecord36"
"363","749903552","tb_track_record36","3/7/2012 15:29:52","28/11/2013 17:47:54","TrackRecord36"
"364","133134315","tb_track_record36","3/7/2012 15:29:52","28/11/2013 17:47:54","TrackRecord36"
"365","3505865677","tb_track_record36","3/7/2012 15:29:52","28/11/2013 17:47:54","TrackRecord36"
"366","1030294393","tb_track_record36","3/7/2012 15:29:52","28/11/2013 17:47:54","TrackRecord36"
"367","3350692487","tb_track_record36","3/7/2012 15:29:52","28/11/2013 17:47:54","TrackRecord36"
"368","3527096150","tb_track_record36","3/7/2012 15:29:52","28/11/2013 17:47:54","TrackRecord36"
"369","2954259659","tb_track_record36","3/7/2012 15:29:52","28/11/2013 17:47:54","TrackRecord36"
"370","3034664671","tb_track_record36","3/7/2012 15:29:52","28/11/2013 17:47:54","TrackRecord36"
"371","2260723067","tb_track_record37","3/7/2012 15:29:52","28/11/2013 17:47:54","TrackRecord37"
"372","1686155589","tb_track_record37","3/7/2012 15:29:52","28/11/2013 17:47:54","TrackRecord37"
"373","55174665","tb_track_record37","3/7/2012 15:29:52","28/11/2013 17:47:54","TrackRecord37"
"374","504638009","tb_track_record37","3/7/2012 15:29:52","28/11/2013 17:47:54","TrackRecord37"
"375","345883317","tb_track_record37","3/7/2012 15:29:52","28/11/2013 17:47:54","TrackRecord37"
"376","334564881","tb_track_record37","3/7/2012 15:29:52","28/11/2013 17:47:54","TrackRecord37"
"377","3293335674","tb_track_record37","3/7/2012 15:29:52","28/11/2013 17:47:54","TrackRecord37"
"378","1106510639","tb_track_record37","3/7/2012 15:29:52","28/11/2013 17:47:54","TrackRecord37"
"379","3154347106","tb_track_record37","3/7/2012 15:29:52","28/11/2013 17:47:54","TrackRecord37"
"380","608274935","tb_track_record37","3/7/2012 15:29:52","28/11/2013 17:47:54","TrackRecord37"
"381","3207574885","tb_track_record38","3/7/2012 15:29:52","28/11/2013 17:47:54","TrackRecord38"
"382","3232325281","tb_track_record38","3/7/2012 15:29:52","28/11/2013 17:47:54","TrackRecord38"
"383","716967407","tb_track_record38","3/7/2012 15:29:52","28/11/2013 17:47:54","TrackRecord38"
"384","3163316585","tb_track_record38","3/7/2012 15:29:52","28/11/2013 17:47:54","TrackRecord38"
"385","644426604","tb_track_record38","3/7/2012 15:29:52","28/11/2013 17:47:54","TrackRecord38"
"386","1130181727","tb_track_record38","3/7/2012 15:29:52","28/11/2013 17:47:54","TrackRecord38"
"387","2133820220","tb_track_record38","3/7/2012 15:29:52","28/11/2013 17:47:54","TrackRecord38"
"388","356971481","tb_track_record38","3/7/2012 15:29:52","28/11/2013 17:47:54","TrackRecord38"
"389","2258966647","tb_track_record38","3/7/2012 15:29:52","28/11/2013 17:47:54","TrackRecord38"
"390","2226505446","tb_track_record38","3/7/2012 15:29:52","28/11/2013 17:47:54","TrackRecord38"
"391","101291005","tb_track_record39","3/7/2012 15:29:52","28/11/2013 17:47:54","TrackRecord39"
"392","30208730","tb_track_record39","3/7/2012 15:29:52","28/11/2013 17:47:54","TrackRecord39"
"393","33961216","tb_track_record39","3/7/2012 15:29:52","28/11/2013 17:47:54","TrackRecord39"
"394","1661414947","tb_track_record39","3/7/2012 15:29:52","28/11/2013 17:47:54","TrackRecord39"
"395","511406662","tb_track_record39","3/7/2012 15:29:52","28/11/2013 17:47:54","TrackRecord39"
"396","3265287883","tb_track_record39","3/7/2012 15:29:52","28/11/2013 17:47:54","TrackRecord39"
"397","3435295586","tb_track_record39","3/7/2012 15:29:52","28/11/2013 17:47:54","TrackRecord39"
"398","3504151488","tb_track_record39","3/7/2012 15:29:52","28/11/2013 17:47:54","TrackRecord39"
"399","1744091673","tb_track_record39","3/7/2012 15:29:52","28/11/2013 17:47:54","TrackRecord39"
"400","3155118108","tb_track_record39","3/7/2012 15:29:52","28/11/2013 17:47:54","TrackRecord39"
"401","435090345","tb_track_record40","3/7/2012 15:29:52","28/11/2013 17:47:54","TrackRecord40"
"402","2826554517","tb_track_record40","3/7/2012 15:29:52","28/11/2013 17:47:54","TrackRecord40"
"403","1386251915","tb_track_record40","3/7/2012 15:29:52","28/11/2013 17:47:54","TrackRecord40"
"404","710986976","tb_track_record40","3/7/2012 15:29:52","28/11/2013 17:47:54","TrackRecord40"
"405","1408450117","tb_track_record40","3/7/2012 15:29:52","28/11/2013 17:47:54","TrackRecord40"
"406","2558261282","tb_track_record40","3/7/2012 15:29:52","28/11/2013 17:47:54","TrackRecord40"
"407","1033185256","tb_track_record40","3/7/2012 15:29:52","28/11/2013 17:47:54","TrackRecord40"
"408","2221288669","tb_track_record40","3/7/2012 15:29:52","28/11/2013 17:47:54","TrackRecord40"
"409","1746952692","tb_track_record40","3/7/2012 15:29:52","28/11/2013 17:47:54","TrackRecord40"
"410","3351219708","tb_track_record40","3/7/2012 15:29:52","28/11/2013 17:47:54","TrackRecord40"
"411","2027095275","tb_track_record41","3/7/2012 15:29:52","28/11/2013 17:47:54","TrackRecord41"
"412","3708640946","tb_track_record41","3/7/2012 15:29:52","28/11/2013 17:47:54","TrackRecord41"
"413","2900798152","tb_track_record41","3/7/2012 15:29:52","28/11/2013 17:47:54","TrackRecord41"
"414","3738557508","tb_track_record41","3/7/2012 15:29:52","28/11/2013 17:47:54","TrackRecord41"
"415","4217322593","tb_track_record41","3/7/2012 15:29:52","28/11/2013 17:47:54","TrackRecord41"
"416","3623123470","tb_track_record41","3/7/2012 15:29:52","28/11/2013 17:47:54","TrackRecord41"
"417","4154472573","tb_track_record41","3/7/2012 15:29:52","28/11/2013 17:47:54","TrackRecord41"
"418","1937719625","tb_track_record41","3/7/2012 15:29:52","28/11/2013 17:47:54","TrackRecord41"
"419","1767489076","tb_track_record41","3/7/2012 15:29:52","28/11/2013 17:47:54","TrackRecord41"
"420","4074331499","tb_track_record41","3/7/2012 15:29:52","28/11/2013 17:47:54","TrackRecord41"
"421","2818293068","tb_track_record42","3/7/2012 15:29:52","28/11/2013 17:47:54","TrackRecord42"
"422","4123564086","tb_track_record42","3/7/2012 15:29:52","28/11/2013 17:47:54","TrackRecord42"
"423","303418498","tb_track_record42","3/7/2012 15:29:52","28/11/2013 17:47:54","TrackRecord42"
"424","3628401892","tb_track_record42","3/7/2012 15:29:52","28/11/2013 17:47:54","TrackRecord42"
"425","1886638768","tb_track_record42","3/7/2012 15:29:52","28/11/2013 17:47:54","TrackRecord42"
"426","3522882738","tb_track_record42","3/7/2012 15:29:52","28/11/2013 17:47:54","TrackRecord42"
"427","3440441546","tb_track_record42","3/7/2012 15:29:52","28/11/2013 17:47:54","TrackRecord42"
"428","3724157813","tb_track_record42","3/7/2012 15:29:52","28/11/2013 17:47:54","TrackRecord42"
"429","3896018090","tb_track_record42","3/7/2012 15:29:52","28/11/2013 17:47:54","TrackRecord42"
"430","4030873586","tb_track_record42","3/7/2012 15:29:52","28/11/2013 17:47:54","TrackRecord42"
"431","1457483191","tb_track_record43","3/7/2012 15:29:52","28/11/2013 17:47:54","TrackRecord43"
"432","1812831842","tb_track_record43","3/7/2012 15:29:52","28/11/2013 17:47:54","TrackRecord43"
"433","1499380007","tb_track_record43","3/7/2012 15:29:52","28/11/2013 17:47:54","TrackRecord43"
"434","776471799","tb_track_record43","3/7/2012 15:29:52","28/11/2013 17:47:54","TrackRecord43"
"435","2972152138","tb_track_record43","3/7/2012 15:29:52","28/11/2013 17:47:54","TrackRecord43"
"436","2997707527","tb_track_record43","3/7/2012 15:29:52","28/11/2013 17:47:54","TrackRecord43"
"437","296644222","tb_track_record43","3/7/2012 15:29:52","28/11/2013 17:47:54","TrackRecord43"
"438","3831708274","tb_track_record43","3/7/2012 15:29:52","28/11/2013 17:47:54","TrackRecord43"
"439","3305094267","tb_track_record43","3/7/2012 15:29:52","28/11/2013 17:47:54","TrackRecord43"
"440","427516640","tb_track_record43","3/7/2012 15:29:52","28/11/2013 17:47:54","TrackRecord43"
"441","1675165516","tb_track_record44","3/7/2012 15:29:52","28/11/2013 17:47:54","TrackRecord44"
"442","3031925156","tb_track_record44","3/7/2012 15:29:52","28/11/2013 17:47:54","TrackRecord44"
"443","3262336383","tb_track_record44","3/7/2012 15:29:52","28/11/2013 17:47:54","TrackRecord44"
"444","3981761577","tb_track_record44","3/7/2012 15:29:52","28/11/2013 17:47:54","TrackRecord44"
"445","3022226464","tb_track_record44","3/7/2012 15:29:52","28/11/2013 17:47:54","TrackRecord44"
"446","2000571864","tb_track_record44","3/7/2012 15:29:52","28/11/2013 17:47:54","TrackRecord44"
"447","2915753840","tb_track_record44","3/7/2012 15:29:52","28/11/2013 17:47:54","TrackRecord44"
"448","2566866628","tb_track_record44","3/7/2012 15:29:52","28/11/2013 17:47:54","TrackRecord44"
"449","1423080970","tb_track_record44","3/7/2012 15:29:52","28/11/2013 17:47:54","TrackRecord44"
"450","1955442267","tb_track_record44","3/7/2012 15:29:52","28/11/2013 17:47:54","TrackRecord44"
"451","1187785052","tb_track_record45","3/7/2012 15:29:52","28/11/2013 17:47:54","TrackRecord45"
"452","3429656124","tb_track_record45","3/7/2012 15:29:52","28/11/2013 17:47:54","TrackRecord45"
"453","174372720","tb_track_record45","3/7/2012 15:29:52","28/11/2013 17:47:54","TrackRecord45"
"454","3340896858","tb_track_record45","3/7/2012 15:29:52","28/11/2013 17:47:54","TrackRecord45"
"455","2917472810","tb_track_record45","3/7/2012 15:29:52","28/11/2013 17:47:54","TrackRecord45"
"456","2434330686","tb_track_record45","3/7/2012 15:29:52","28/11/2013 17:47:54","TrackRecord45"
"457","1029968346","tb_track_record45","3/7/2012 15:29:52","28/11/2013 17:47:54","TrackRecord45"
"458","1585343683","tb_track_record45","3/7/2012 15:29:52","28/11/2013 17:47:54","TrackRecord45"
"459","113273472","tb_track_record45","3/7/2012 15:29:52","28/11/2013 17:47:54","TrackRecord45"
"460","446553192","tb_track_record45","3/7/2012 15:29:52","28/11/2013 17:47:54","TrackRecord45"
"461","2482071967","tb_track_record46","3/7/2012 15:29:52","28/11/2013 17:47:54","TrackRecord46"
"462","430704340","tb_track_record46","3/7/2012 15:29:52","28/11/2013 17:47:54","TrackRecord46"
"463","2979754985","tb_track_record46","3/7/2012 15:29:52","28/11/2013 17:47:54","TrackRecord46"
"464","3809749596","tb_track_record46","3/7/2012 15:29:52","28/11/2013 17:47:54","TrackRecord46"
"465","783022040","tb_track_record46","3/7/2012 15:29:52","28/11/2013 17:47:54","TrackRecord46"
"466","496035945","tb_track_record46","3/7/2012 15:29:52","28/11/2013 17:47:54","TrackRecord46"
"467","2270553350","tb_track_record46","3/7/2012 15:29:52","28/11/2013 17:47:54","TrackRecord46"
"468","496747476","tb_track_record46","3/7/2012 15:29:52","28/11/2013 17:47:54","TrackRecord46"
"469","3694302699","tb_track_record46","3/7/2012 15:29:52","28/11/2013 17:47:54","TrackRecord46"
"470","929979508","tb_track_record46","3/7/2012 15:29:52","28/11/2013 17:47:54","TrackRecord46"
"471","2285095496","tb_track_record47","3/7/2012 15:29:52","28/11/2013 17:47:54","TrackRecord47"
"472","2692952288","tb_track_record47","3/7/2012 15:29:52","28/11/2013 17:47:54","TrackRecord47"
"473","2505365886","tb_track_record47","3/7/2012 15:29:52","28/11/2013 17:47:54","TrackRecord47"
"474","2673556556","tb_track_record47","3/7/2012 15:29:52","28/11/2013 17:47:54","TrackRecord47"
"475","989590145","tb_track_record47","3/7/2012 15:29:52","28/11/2013 17:47:54","TrackRecord47"
"476","3265992154","tb_track_record47","3/7/2012 15:29:52","28/11/2013 17:47:54","TrackRecord47"
"477","986915690","tb_track_record47","3/7/2012 15:29:52","28/11/2013 17:47:54","TrackRecord47"
"478","22426850","tb_track_record47","3/7/2012 15:29:52","28/11/2013 17:47:54","TrackRecord47"
"479","2058764912","tb_track_record47","3/7/2012 15:29:52","28/11/2013 17:47:54","TrackRecord47"
"480","1999233272","tb_track_record47","3/7/2012 15:29:52","28/11/2013 17:47:54","TrackRecord47"
"481","516003923","tb_track_record48","3/7/2012 15:29:52","28/11/2013 17:47:54","TrackRecord48"
"482","446151265","tb_track_record48","3/7/2012 15:29:52","28/11/2013 17:47:54","TrackRecord48"
"483","1018757480","tb_track_record48","3/7/2012 15:29:52","28/11/2013 17:47:54","TrackRecord48"
"484","2457647427","tb_track_record48","3/7/2012 15:29:52","28/11/2013 17:47:54","TrackRecord48"
"485","3927411263","tb_track_record48","3/7/2012 15:29:52","28/11/2013 17:47:54","TrackRecord48"
"486","1252608965","tb_track_record48","3/7/2012 15:29:52","28/11/2013 17:47:54","TrackRecord48"
"487","3334167773","tb_track_record48","3/7/2012 15:29:52","28/11/2013 17:47:54","TrackRecord48"
"488","2992145550","tb_track_record48","3/7/2012 15:29:52","28/11/2013 17:47:54","TrackRecord48"
"489","962580323","tb_track_record48","3/7/2012 15:29:52","28/11/2013 17:47:54","TrackRecord48"
"490","363813625","tb_track_record48","3/7/2012 15:29:52","28/11/2013 17:47:54","TrackRecord48"
"491","3070368806","tb_track_record49","3/7/2012 15:29:52","28/11/2013 17:47:54","TrackRecord49"
"492","1863292117","tb_track_record49","3/7/2012 15:29:52","28/11/2013 17:47:54","TrackRecord49"
"493","3591478779","tb_track_record49","3/7/2012 15:29:52","28/11/2013 17:47:54","TrackRecord49"
"494","1177666005","tb_track_record49","3/7/2012 15:29:52","28/11/2013 17:47:54","TrackRecord49"
"495","4137375312","tb_track_record49","3/7/2012 15:29:52","28/11/2013 17:47:54","TrackRecord49"
"496","1403671945","tb_track_record49","3/7/2012 15:29:52","28/11/2013 17:47:54","TrackRecord49"
"497","3304355028","tb_track_record49","3/7/2012 15:29:52","28/11/2013 17:47:54","TrackRecord49"
"498","3127802094","tb_track_record49","3/7/2012 15:29:52","28/11/2013 17:47:54","TrackRecord49"
"499","3579752269","tb_track_record49","3/7/2012 15:29:52","28/11/2013 17:47:54","TrackRecord49"
"500","1505531559","tb_track_record49","3/7/2012 15:29:52","28/11/2013 17:47:54","TrackRecord49"
"501","1117884389","tb_track_record50","3/7/2012 15:29:52","28/11/2013 17:47:54","TrackRecord50"
"502","188798390","tb_track_record50","3/7/2012 15:29:52","28/11/2013 17:47:54","TrackRecord50"
"503","278848492","tb_track_record50","3/7/2012 15:29:52","28/11/2013 17:47:54","TrackRecord50"
"504","1155200993","tb_track_record50","3/7/2012 15:29:52","28/11/2013 17:47:54","TrackRecord50"
"505","2857825464","tb_track_record50","3/7/2012 15:29:52","28/11/2013 17:47:54","TrackRecord50"
"506","3111290843","tb_track_record50","3/7/2012 15:29:52","28/11/2013 17:47:54","TrackRecord50"
"507","1452369780","tb_track_record50","3/7/2012 15:29:52","28/11/2013 17:47:54","TrackRecord50"
"508","2125763943","tb_track_record50","3/7/2012 15:29:52","28/11/2013 17:47:54","TrackRecord50"
"509","710578828","tb_track_record50","3/7/2012 15:29:52","28/11/2013 17:47:54","TrackRecord50"
"510","2763158443","tb_track_record50","3/7/2012 15:29:52","28/11/2013 17:47:54","TrackRecord50"
"511","247011403","tb_track_record51","3/7/2012 15:29:52","28/11/2013 17:47:54","TrackRecord51"
"512","692691895","tb_track_record51","3/7/2012 15:29:52","28/11/2013 17:47:54","TrackRecord51"
"513","4017711437","tb_track_record51","3/7/2012 15:29:52","28/11/2013 17:47:54","TrackRecord51"
"514","2009901951","tb_track_record51","3/7/2012 15:29:52","28/11/2013 17:47:54","TrackRecord51"
"515","1591001351","tb_track_record51","3/7/2012 15:29:52","28/11/2013 17:47:54","TrackRecord51"
"516","3390975285","tb_track_record51","3/7/2012 15:29:52","28/11/2013 17:47:54","TrackRecord51"
"517","3193719068","tb_track_record51","3/7/2012 15:29:52","28/11/2013 17:47:54","TrackRecord51"
"518","288017781","tb_track_record51","3/7/2012 15:29:52","28/11/2013 17:47:54","TrackRecord51"
"519","482245543","tb_track_record51","3/7/2012 15:29:52","28/11/2013 17:47:54","TrackRecord51"
"520","2237685595","tb_track_record51","3/7/2012 15:29:52","28/11/2013 17:47:54","TrackRecord51"
"521","698167553","tb_track_record52","3/7/2012 15:29:52","28/11/2013 17:47:54","TrackRecord52"
"522","265534364","tb_track_record52","3/7/2012 15:29:52","28/11/2013 17:47:54","TrackRecord52"
"523","681606739","tb_track_record52","3/7/2012 15:29:52","28/11/2013 17:47:54","TrackRecord52"
"524","1894097390","tb_track_record52","3/7/2012 15:29:52","28/11/2013 17:47:54","TrackRecord52"
"525","2301119583","tb_track_record52","3/7/2012 15:29:52","28/11/2013 17:47:54","TrackRecord52"
"526","2203114915","tb_track_record52","3/7/2012 15:29:52","28/11/2013 17:47:54","TrackRecord52"
"527","2539406993","tb_track_record52","3/7/2012 15:29:52","28/11/2013 17:47:54","TrackRecord52"
"528","1320225403","tb_track_record52","3/7/2012 15:29:52","28/11/2013 17:47:54","TrackRecord52"
"529","1240263576","tb_track_record52","3/7/2012 15:29:52","28/11/2013 17:47:54","TrackRecord52"
"530","1184789369","tb_track_record52","3/7/2012 15:29:52","28/11/2013 17:47:54","TrackRecord52"
"531","871544702","tb_track_record53","3/7/2012 15:29:52","28/11/2013 17:47:54","TrackRecord53"
"532","293913438","tb_track_record53","3/7/2012 15:29:52","28/11/2013 17:47:54","TrackRecord53"
"533","1410732516","tb_track_record53","3/7/2012 15:29:52","28/11/2013 17:47:54","TrackRecord53"
"534","170098074","tb_track_record53","3/7/2012 15:29:52","28/11/2013 17:47:54","TrackRecord53"
"535","3409070346","tb_track_record53","3/7/2012 15:29:52","28/11/2013 17:47:54","TrackRecord53"
"536","1432443181","tb_track_record53","3/7/2012 15:29:52","28/11/2013 17:47:54","TrackRecord53"
"537","1560653734","tb_track_record53","3/7/2012 15:29:52","28/11/2013 17:47:54","TrackRecord53"
"538","1298668076","tb_track_record53","3/7/2012 15:29:52","28/11/2013 17:47:54","TrackRecord53"
"539","866060004","tb_track_record53","3/7/2012 15:29:52","28/11/2013 17:47:54","TrackRecord53"
"540","645023523","tb_track_record53","3/7/2012 15:29:52","28/11/2013 17:47:54","TrackRecord53"
"541","102582401","tb_track_record54","3/7/2012 15:29:52","28/11/2013 17:47:54","TrackRecord54"
"542","3878200679","tb_track_record54","3/7/2012 15:29:52","28/11/2013 17:47:54","TrackRecord54"
"543","3816594549","tb_track_record54","3/7/2012 15:29:52","28/11/2013 17:47:54","TrackRecord54"
"544","2610572006","tb_track_record54","3/7/2012 15:29:52","28/11/2013 17:47:54","TrackRecord54"
"545","1592616826","tb_track_record54","3/7/2012 15:29:52","28/11/2013 17:47:54","TrackRecord54"
"546","4160861248","tb_track_record54","3/7/2012 15:29:52","28/11/2013 17:47:54","TrackRecord54"
"547","628887073","tb_track_record54","3/7/2012 15:29:52","28/11/2013 17:47:54","TrackRecord54"
"548","3063256295","tb_track_record54","3/7/2012 15:29:52","28/11/2013 17:47:54","TrackRecord54"
"549","397893313","tb_track_record54","3/7/2012 15:29:52","28/11/2013 17:47:54","TrackRecord54"
"550","4089362731","tb_track_record54","3/7/2012 15:29:52","28/11/2013 17:47:54","TrackRecord54"
"551","3220160860","tb_track_record55","3/7/2012 15:29:52","28/11/2013 17:47:54","TrackRecord55"
"552","754509464","tb_track_record55","3/7/2012 15:29:52","28/11/2013 17:47:54","TrackRecord55"
"553","1803785576","tb_track_record55","3/7/2012 15:29:52","28/11/2013 17:47:54","TrackRecord55"
"554","1249672093","tb_track_record55","3/7/2012 15:29:52","28/11/2013 17:47:54","TrackRecord55"
"555","1353343648","tb_track_record55","3/7/2012 15:29:52","28/11/2013 17:47:54","TrackRecord55"
"556","2032734234","tb_track_record55","3/7/2012 15:29:52","28/11/2013 17:47:54","TrackRecord55"
"557","474347655","tb_track_record55","3/7/2012 15:29:52","28/11/2013 17:47:54","TrackRecord55"
"558","2842608090","tb_track_record55","3/7/2012 15:29:52","28/11/2013 17:47:54","TrackRecord55"
"559","3814875936","tb_track_record55","3/7/2012 15:29:52","28/11/2013 17:47:54","TrackRecord55"
"560","761392270","tb_track_record55","3/7/2012 15:29:52","28/11/2013 17:47:54","TrackRecord55"
"561","582805345","tb_track_record56","3/7/2012 15:29:52","28/11/2013 17:47:54","TrackRecord56"
"562","1427635122","tb_track_record56","3/7/2012 15:29:52","28/11/2013 17:47:54","TrackRecord56"
"563","3249213614","tb_track_record56","3/7/2012 15:29:52","28/11/2013 17:47:54","TrackRecord56"
"564","3853761643","tb_track_record56","3/7/2012 15:29:52","28/11/2013 17:47:54","TrackRecord56"
"565","3872516643","tb_track_record56","3/7/2012 15:29:52","28/11/2013 17:47:54","TrackRecord56"
"566","3905298487","tb_track_record56","3/7/2012 15:29:52","28/11/2013 17:47:54","TrackRecord56"
"567","4099388334","tb_track_record56","3/7/2012 15:29:52","28/11/2013 17:47:54","TrackRecord56"
"568","1926251983","tb_track_record56","3/7/2012 15:29:52","28/11/2013 17:47:54","TrackRecord56"
"569","3806536158","tb_track_record56","3/7/2012 15:29:52","28/11/2013 17:47:54","TrackRecord56"
"570","2579065587","tb_track_record56","3/7/2012 15:29:52","28/11/2013 17:47:54","TrackRecord56"
"571","2020513240","tb_track_record57","3/7/2012 15:29:52","28/11/2013 17:47:54","TrackRecord57"
"572","3172323619","tb_track_record57","3/7/2012 15:29:52","28/11/2013 17:47:54","TrackRecord57"
"573","3554376816","tb_track_record57","3/7/2012 15:29:52","28/11/2013 17:47:54","TrackRecord57"
"574","186989894","tb_track_record57","3/7/2012 15:29:52","28/11/2013 17:47:54","TrackRecord57"
"575","3318727873","tb_track_record57","3/7/2012 15:29:52","28/11/2013 17:47:54","TrackRecord57"
"576","3083282448","tb_track_record57","3/7/2012 15:29:52","28/11/2013 17:47:54","TrackRecord57"
"577","1375065097","tb_track_record57","3/7/2012 15:29:52","28/11/2013 17:47:54","TrackRecord57"
"578","3813733987","tb_track_record57","3/7/2012 15:29:52","28/11/2013 17:47:54","TrackRecord57"
"579","1234224009","tb_track_record57","3/7/2012 15:29:52","28/11/2013 17:47:54","TrackRecord57"
"580","4014693121","tb_track_record57","3/7/2012 15:29:52","28/11/2013 17:47:54","TrackRecord57"
"581","2756784662","tb_track_record58","3/7/2012 15:29:52","28/11/2013 17:47:54","TrackRecord58"
"582","1681850717","tb_track_record58","3/7/2012 15:29:52","28/11/2013 17:47:54","TrackRecord58"
"583","1734675421","tb_track_record58","3/7/2012 15:29:52","28/11/2013 17:47:54","TrackRecord58"
"584","1263486061","tb_track_record58","3/7/2012 15:29:52","28/11/2013 17:47:54","TrackRecord58"
"585","4268405887","tb_track_record58","3/7/2012 15:29:52","28/11/2013 17:47:54","TrackRecord58"
"586","2812977700","tb_track_record58","3/7/2012 15:29:52","28/11/2013 17:47:54","TrackRecord58"
"587","3872920540","tb_track_record58","3/7/2012 15:29:52","28/11/2013 17:47:54","TrackRecord58"
"588","4025861807","tb_track_record58","3/7/2012 15:29:52","28/11/2013 17:47:54","TrackRecord58"
"589","2960852520","tb_track_record58","3/7/2012 15:29:52","28/11/2013 17:47:54","TrackRecord58"
"590","190827359","tb_track_record58","3/7/2012 15:29:52","28/11/2013 17:47:54","TrackRecord58"
"591","2428776792","tb_track_record59","3/7/2012 15:29:52","28/11/2013 17:47:54","TrackRecord59"
"592","2022468985","tb_track_record59","3/7/2012 15:29:52","28/11/2013 17:47:54","TrackRecord59"
"593","2273432501","tb_track_record59","3/7/2012 15:29:52","28/11/2013 17:47:54","TrackRecord59"
"594","1049618987","tb_track_record59","3/7/2012 15:29:52","28/11/2013 17:47:54","TrackRecord59"
"595","1114689270","tb_track_record59","3/7/2012 15:29:52","28/11/2013 17:47:54","TrackRecord59"
"596","1767512032","tb_track_record59","3/7/2012 15:29:52","28/11/2013 17:47:54","TrackRecord59"
"597","285545915","tb_track_record59","3/7/2012 15:29:52","28/11/2013 17:47:54","TrackRecord59"
"598","1531681024","tb_track_record59","3/7/2012 15:29:52","28/11/2013 17:47:55","TrackRecord59"
"599","799563362","tb_track_record59","3/7/2012 15:29:52","28/11/2013 17:47:55","TrackRecord59"
"600","2808437677","tb_track_record59","3/7/2012 15:29:52","28/11/2013 17:47:55","TrackRecord59"
"601","1567889269","tb_track_record60","3/7/2012 15:29:52","28/11/2013 17:47:55","TrackRecord60"
"602","968460880","tb_track_record60","3/7/2012 15:29:52","28/11/2013 17:47:55","TrackRecord60"
"603","4001577688","tb_track_record60","3/7/2012 15:29:52","28/11/2013 17:47:55","TrackRecord60"
"604","2315960232","tb_track_record60","3/7/2012 15:29:52","28/11/2013 17:47:55","TrackRecord60"
"605","1096917683","tb_track_record60","3/7/2012 15:29:52","28/11/2013 17:47:55","TrackRecord60"
"606","963605335","tb_track_record60","3/7/2012 15:29:52","28/11/2013 17:47:55","TrackRecord60"
"607","2211598729","tb_track_record60","3/7/2012 15:29:52","28/11/2013 17:47:55","TrackRecord60"
"608","1084055106","tb_track_record60","3/7/2012 15:29:52","28/11/2013 17:47:55","TrackRecord60"
"609","1782088856","tb_track_record60","3/7/2012 15:29:52","28/11/2013 17:47:55","TrackRecord60"
"610","3862841662","tb_track_record60","3/7/2012 15:29:52","28/11/2013 17:47:55","TrackRecord60"
"611","3817358630","tb_track_record61","3/7/2012 15:29:52","28/11/2013 17:47:55","TrackRecord61"
"612","1848335492","tb_track_record61","3/7/2012 15:29:52","28/11/2013 17:47:55","TrackRecord61"
"613","109114406","tb_track_record61","3/7/2012 15:29:52","28/11/2013 17:47:55","TrackRecord61"
"614","4158002637","tb_track_record61","3/7/2012 15:29:52","28/11/2013 17:47:55","TrackRecord61"
"615","2628523932","tb_track_record61","3/7/2012 15:29:52","28/11/2013 17:47:55","TrackRecord61"
"616","384590237","tb_track_record61","3/7/2012 15:29:52","28/11/2013 17:47:55","TrackRecord61"
"617","2387103772","tb_track_record61","3/7/2012 15:29:52","28/11/2013 17:47:55","TrackRecord61"
"618","778527326","tb_track_record61","3/7/2012 15:29:52","28/11/2013 17:47:55","TrackRecord61"
"619","626393207","tb_track_record61","3/7/2012 15:29:52","28/11/2013 17:47:55","TrackRecord61"
"620","2528624360","tb_track_record61","3/7/2012 15:29:52","28/11/2013 17:47:55","TrackRecord61"
"621","293963607","tb_track_record62","3/7/2012 15:29:52","28/11/2013 17:47:55","TrackRecord62"
"622","1946856676","tb_track_record62","3/7/2012 15:29:52","28/11/2013 17:47:55","TrackRecord62"
"623","3508497776","tb_track_record62","3/7/2012 15:29:52","28/11/2013 17:47:55","TrackRecord62"
"624","312449200","tb_track_record62","3/7/2012 15:29:52","28/11/2013 17:47:55","TrackRecord62"
"625","3820600870","tb_track_record62","3/7/2012 15:29:52","28/11/2013 17:47:55","TrackRecord62"
"626","1723589829","tb_track_record62","3/7/2012 15:29:52","28/11/2013 17:47:55","TrackRecord62"
"627","86984915","tb_track_record62","3/7/2012 15:29:52","28/11/2013 17:47:55","TrackRecord62"
"628","1243383874","tb_track_record62","3/7/2012 15:29:52","28/11/2013 17:47:55","TrackRecord62"
"629","963157779","tb_track_record62","3/7/2012 15:29:52","28/11/2013 17:47:55","TrackRecord62"
"630","1746760463","tb_track_record62","3/7/2012 15:29:52","28/11/2013 17:47:55","TrackRecord62"
"631","4180059030","tb_track_record63","3/7/2012 15:29:52","28/11/2013 17:47:55","TrackRecord63"
"632","1085123389","tb_track_record63","3/7/2012 15:29:52","28/11/2013 17:47:55","TrackRecord63"
"633","2637277040","tb_track_record63","3/7/2012 15:29:52","28/11/2013 17:47:55","TrackRecord63"
"634","4068392824","tb_track_record63","3/7/2012 15:29:52","28/11/2013 17:47:55","TrackRecord63"
"635","2217342999","tb_track_record63","3/7/2012 15:29:52","28/11/2013 17:47:55","TrackRecord63"
"636","3588519472","tb_track_record63","3/7/2012 15:29:52","28/11/2013 17:47:55","TrackRecord63"
"637","443933531","tb_track_record63","3/7/2012 15:29:52","28/11/2013 17:47:55","TrackRecord63"
"638","138915953","tb_track_record63","3/7/2012 15:29:52","28/11/2013 17:47:55","TrackRecord63"
"639","2932394899","tb_track_record63","3/7/2012 15:29:52","28/11/2013 17:47:55","TrackRecord63"
"640","3868557504","tb_track_record63","3/7/2012 15:29:52","28/11/2013 17:47:55","TrackRecord63"
"641","225901721","tb_track_record64","3/7/2012 15:29:52","28/11/2013 17:47:55","TrackRecord64"
"642","1511885774","tb_track_record64","3/7/2012 15:29:52","28/11/2013 17:47:55","TrackRecord64"
"643","1811701153","tb_track_record64","3/7/2012 15:29:52","28/11/2013 17:47:55","TrackRecord64"
"644","3835515848","tb_track_record64","3/7/2012 15:29:52","28/11/2013 17:47:55","TrackRecord64"
"645","3691202713","tb_track_record64","3/7/2012 15:29:52","28/11/2013 17:47:55","TrackRecord64"
"646","1569349784","tb_track_record64","3/7/2012 15:29:52","28/11/2013 17:47:55","TrackRecord64"
"647","2303703933","tb_track_record64","3/7/2012 15:29:52","28/11/2013 17:47:55","TrackRecord64"
"648","3305532429","tb_track_record64","3/7/2012 15:29:52","28/11/2013 17:47:55","TrackRecord64"
"649","2423496782","tb_track_record64","3/7/2012 15:29:52","28/11/2013 17:47:55","TrackRecord64"
"650","1383029134","tb_track_record64","3/7/2012 15:29:52","28/11/2013 17:47:55","TrackRecord64"
"651","60710594","tb_track_record65","3/7/2012 15:29:52","28/11/2013 17:47:55","TrackRecord65"
"652","1550243614","tb_track_record65","3/7/2012 15:29:52","28/11/2013 17:47:55","TrackRecord65"
"653","2150931638","tb_track_record65","3/7/2012 15:29:52","28/11/2013 17:47:55","TrackRecord65"
"654","1316587439","tb_track_record65","3/7/2012 15:29:52","28/11/2013 17:47:55","TrackRecord65"
"655","2246364452","tb_track_record65","3/7/2012 15:29:52","28/11/2013 17:47:55","TrackRecord65"
"656","3866731370","tb_track_record65","3/7/2012 15:29:52","28/11/2013 17:47:55","TrackRecord65"
"657","1704406045","tb_track_record65","3/7/2012 15:29:52","28/11/2013 17:47:55","TrackRecord65"
"658","693276058","tb_track_record65","3/7/2012 15:29:52","28/11/2013 17:47:55","TrackRecord65"
"659","589911357","tb_track_record65","3/7/2012 15:29:52","28/11/2013 17:47:55","TrackRecord65"
"660","484980517","tb_track_record65","3/7/2012 15:29:52","28/11/2013 17:47:55","TrackRecord65"
"661","237529472","tb_track_record66","3/7/2012 15:29:52","28/11/2013 17:47:55","TrackRecord66"
"662","1079766436","tb_track_record66","3/7/2012 15:29:52","28/11/2013 17:47:55","TrackRecord66"
"663","3436513576","tb_track_record66","3/7/2012 15:29:52","28/11/2013 17:47:55","TrackRecord66"
"664","2913989075","tb_track_record66","3/7/2012 15:29:52","28/11/2013 17:47:55","TrackRecord66"
"665","1796435572","tb_track_record66","3/7/2012 15:29:52","28/11/2013 17:47:55","TrackRecord66"
"666","441272431","tb_track_record66","3/7/2012 15:29:52","28/11/2013 17:47:55","TrackRecord66"
"667","993191673","tb_track_record66","3/7/2012 15:29:52","28/11/2013 17:47:55","TrackRecord66"
"668","2089501090","tb_track_record66","3/7/2012 15:29:52","28/11/2013 17:47:55","TrackRecord66"
"669","935904126","tb_track_record66","3/7/2012 15:29:52","28/11/2013 17:47:55","TrackRecord66"
"670","2198275515","tb_track_record66","3/7/2012 15:29:52","28/11/2013 17:47:55","TrackRecord66"
"671","4020890183","tb_track_record67","3/7/2012 15:29:52","28/11/2013 17:47:55","TrackRecord67"
"672","4147154834","tb_track_record67","3/7/2012 15:29:52","28/11/2013 17:47:55","TrackRecord67"
"673","3786516021","tb_track_record67","3/7/2012 15:29:52","28/11/2013 17:47:55","TrackRecord67"
"674","142195822","tb_track_record67","3/7/2012 15:29:52","28/11/2013 17:47:55","TrackRecord67"
"675","2040636470","tb_track_record67","3/7/2012 15:29:52","28/11/2013 17:47:55","TrackRecord67"
"676","2587392338","tb_track_record67","3/7/2012 15:29:52","28/11/2013 17:47:55","TrackRecord67"
"677","371532395","tb_track_record67","3/7/2012 15:29:52","28/11/2013 17:47:55","TrackRecord67"
"678","973211495","tb_track_record67","3/7/2012 15:29:52","28/11/2013 17:47:55","TrackRecord67"
"679","270471793","tb_track_record67","3/7/2012 15:29:52","28/11/2013 17:47:55","TrackRecord67"
"680","2432182749","tb_track_record67","3/7/2012 15:29:52","28/11/2013 17:47:55","TrackRecord67"
"681","1925812904","tb_track_record68","3/7/2012 15:29:52","28/11/2013 17:47:55","TrackRecord68"
"682","2034055272","tb_track_record68","3/7/2012 15:29:52","28/11/2013 17:47:55","TrackRecord68"
"683","3988660663","tb_track_record68","3/7/2012 15:29:52","28/11/2013 17:47:55","TrackRecord68"
"684","3366565530","tb_track_record68","3/7/2012 15:29:52","28/11/2013 17:47:55","TrackRecord68"
"685","494622812","tb_track_record68","3/7/2012 15:29:52","28/11/2013 17:47:55","TrackRecord68"
"686","3382251673","tb_track_record68","3/7/2012 15:29:52","28/11/2013 17:47:55","TrackRecord68"
"687","3562668105","tb_track_record68","3/7/2012 15:29:52","28/11/2013 17:47:55","TrackRecord68"
"688","3756300708","tb_track_record68","3/7/2012 15:29:52","28/11/2013 17:47:55","TrackRecord68"
"689","953229358","tb_track_record68","3/7/2012 15:29:52","28/11/2013 17:47:55","TrackRecord68"
"690","3716758450","tb_track_record68","3/7/2012 15:29:52","28/11/2013 17:47:55","TrackRecord68"
"691","1572020310","tb_track_record69","3/7/2012 15:29:52","28/11/2013 17:47:55","TrackRecord69"
"692","2022972093","tb_track_record69","3/7/2012 15:29:52","28/11/2013 17:47:55","TrackRecord69"
"693","1364208073","tb_track_record69","3/7/2012 15:29:52","28/11/2013 17:47:55","TrackRecord69"
"694","4035975465","tb_track_record69","3/7/2012 15:29:52","28/11/2013 17:47:55","TrackRecord69"
"695","2027460496","tb_track_record69","3/7/2012 15:29:52","28/11/2013 17:47:55","TrackRecord69"
"696","862898643","tb_track_record69","3/7/2012 15:29:52","28/11/2013 17:47:55","TrackRecord69"
"697","2269293495","tb_track_record69","3/7/2012 15:29:52","28/11/2013 17:47:55","TrackRecord69"
"698","3158028201","tb_track_record69","3/7/2012 15:29:52","28/11/2013 17:47:55","TrackRecord69"
"699","1362796401","tb_track_record69","3/7/2012 15:29:52","28/11/2013 17:47:55","TrackRecord69"
"700","2157504141","tb_track_record69","3/7/2012 15:29:52","28/11/2013 17:47:55","TrackRecord69"
"701","4129053649","tb_track_record70","3/7/2012 15:29:52","28/11/2013 17:47:55","TrackRecord70"
"702","3564385559","tb_track_record70","3/7/2012 15:29:52","28/11/2013 17:47:55","TrackRecord70"
"703","1867173167","tb_track_record70","3/7/2012 15:29:52","28/11/2013 17:47:55","TrackRecord70"
"704","1935188888","tb_track_record70","3/7/2012 15:29:52","28/11/2013 17:47:55","TrackRecord70"
"705","425997387","tb_track_record70","3/7/2012 15:29:52","28/11/2013 17:47:55","TrackRecord70"
"706","255485856","tb_track_record70","3/7/2012 15:29:52","28/11/2013 17:47:55","TrackRecord70"
"707","4072166815","tb_track_record70","3/7/2012 15:29:52","28/11/2013 17:47:55","TrackRecord70"
"708","2360995500","tb_track_record70","3/7/2012 15:29:52","28/11/2013 17:47:55","TrackRecord70"
"709","1115262975","tb_track_record70","3/7/2012 15:29:52","28/11/2013 17:47:55","TrackRecord70"
"710","1172185467","tb_track_record70","3/7/2012 15:29:52","28/11/2013 17:47:55","TrackRecord70"
"711","2933035469","tb_track_record71","3/7/2012 15:29:52","28/11/2013 17:47:55","TrackRecord71"
"712","2356328183","tb_track_record71","3/7/2012 15:29:52","28/11/2013 17:47:55","TrackRecord71"
"713","1451284232","tb_track_record71","3/7/2012 15:29:52","28/11/2013 17:47:55","TrackRecord71"
"714","3446111216","tb_track_record71","3/7/2012 15:29:52","28/11/2013 17:47:55","TrackRecord71"
"715","2759473740","tb_track_record71","3/7/2012 15:29:52","28/11/2013 17:47:55","TrackRecord71"
"716","2317559316","tb_track_record71","3/7/2012 15:29:52","28/11/2013 17:47:55","TrackRecord71"
"717","459911397","tb_track_record71","3/7/2012 15:29:52","28/11/2013 17:47:55","TrackRecord71"
"718","3602849903","tb_track_record71","3/7/2012 15:29:52","28/11/2013 17:47:55","TrackRecord71"
"719","2681907158","tb_track_record71","3/7/2012 15:29:52","28/11/2013 17:47:55","TrackRecord71"
"720","839225198","tb_track_record71","3/7/2012 15:29:52","28/11/2013 17:47:55","TrackRecord71"
"721","2146236574","tb_track_record72","3/7/2012 15:29:52","28/11/2013 17:47:55","TrackRecord72"
"722","1456170332","tb_track_record72","3/7/2012 15:29:52","28/11/2013 17:47:55","TrackRecord72"
"723","2997543506","tb_track_record72","3/7/2012 15:29:52","28/11/2013 17:47:55","TrackRecord72"
"724","1202757462","tb_track_record72","3/7/2012 15:29:52","28/11/2013 17:47:55","TrackRecord72"
"725","1785877198","tb_track_record72","3/7/2012 15:29:52","28/11/2013 17:47:55","TrackRecord72"
"726","624477223","tb_track_record72","3/7/2012 15:29:52","28/11/2013 17:47:55","TrackRecord72"
"727","428403080","tb_track_record72","3/7/2012 15:29:52","28/11/2013 17:47:55","TrackRecord72"
"728","2395957444","tb_track_record72","3/7/2012 15:29:52","28/11/2013 17:47:55","TrackRecord72"
"729","2090136152","tb_track_record72","3/7/2012 15:29:52","28/11/2013 17:47:55","TrackRecord72"
"730","2059906965","tb_track_record72","3/7/2012 15:29:52","28/11/2013 17:47:55","TrackRecord72"
"731","4102638044","tb_track_record73","3/7/2012 15:29:52","28/11/2013 17:47:55","TrackRecord73"
"732","2397829504","tb_track_record73","3/7/2012 15:29:52","28/11/2013 17:47:55","TrackRecord73"
"733","3992794023","tb_track_record73","3/7/2012 15:29:52","28/11/2013 17:47:55","TrackRecord73"
"734","3021010003","tb_track_record73","3/7/2012 15:29:52","28/11/2013 17:47:55","TrackRecord73"
"735","3124438157","tb_track_record73","3/7/2012 15:29:52","28/11/2013 17:47:55","TrackRecord73"
"736","2528226829","tb_track_record73","3/7/2012 15:29:52","28/11/2013 17:47:55","TrackRecord73"
"737","1777348739","tb_track_record73","3/7/2012 15:29:52","28/11/2013 17:47:55","TrackRecord73"
"738","3708707905","tb_track_record73","3/7/2012 15:29:52","28/11/2013 17:47:55","TrackRecord73"
"739","381308873","tb_track_record73","3/7/2012 15:29:52","28/11/2013 17:47:55","TrackRecord73"
"740","735079781","tb_track_record73","3/7/2012 15:29:52","28/11/2013 17:47:55","TrackRecord73"
"741","2542731076","tb_track_record74","3/7/2012 15:29:52","28/11/2013 17:47:55","TrackRecord74"
"742","889802686","tb_track_record74","3/7/2012 15:29:52","28/11/2013 17:47:55","TrackRecord74"
"743","3977757716","tb_track_record74","3/7/2012 15:29:52","28/11/2013 17:47:55","TrackRecord74"
"744","979128423","tb_track_record74","3/7/2012 15:29:52","28/11/2013 17:47:55","TrackRecord74"
"745","1308074490","tb_track_record74","3/7/2012 15:29:52","28/11/2013 17:47:55","TrackRecord74"
"746","1406988151","tb_track_record74","3/7/2012 15:29:52","28/11/2013 17:47:55","TrackRecord74"
"747","3099032178","tb_track_record74","3/7/2012 15:29:52","28/11/2013 17:47:55","TrackRecord74"
"748","925402111","tb_track_record74","3/7/2012 15:29:52","28/11/2013 17:47:55","TrackRecord74"
"749","477681343","tb_track_record74","3/7/2012 15:29:52","28/11/2013 17:47:55","TrackRecord74"
"750","1414612694","tb_track_record74","3/7/2012 15:29:52","28/11/2013 17:47:55","TrackRecord74"
"751","3912961180","tb_track_record75","3/7/2012 15:29:52","28/11/2013 17:47:55","TrackRecord75"
"752","427201002","tb_track_record75","3/7/2012 15:29:52","28/11/2013 17:47:55","TrackRecord75"
"753","971440289","tb_track_record75","3/7/2012 15:29:52","28/11/2013 17:47:55","TrackRecord75"
"754","1840041049","tb_track_record75","3/7/2012 15:29:52","28/11/2013 17:47:55","TrackRecord75"
"755","4078511014","tb_track_record75","3/7/2012 15:29:52","28/11/2013 17:47:55","TrackRecord75"
"756","3483798028","tb_track_record75","3/7/2012 15:29:52","28/11/2013 17:47:55","TrackRecord75"
"757","1296429503","tb_track_record75","3/7/2012 15:29:52","28/11/2013 17:47:55","TrackRecord75"
"758","4181984635","tb_track_record75","3/7/2012 15:29:52","28/11/2013 17:47:55","TrackRecord75"
"759","2212062147","tb_track_record75","3/7/2012 15:29:52","28/11/2013 17:47:55","TrackRecord75"
"760","2155487330","tb_track_record75","3/7/2012 15:29:52","28/11/2013 17:47:55","TrackRecord75"
"761","3464616811","tb_track_record76","3/7/2012 15:29:52","28/11/2013 17:47:55","TrackRecord76"
"762","3068460722","tb_track_record76","3/7/2012 15:29:52","28/11/2013 17:47:55","TrackRecord76"
"763","767737593","tb_track_record76","3/7/2012 15:29:52","28/11/2013 17:47:55","TrackRecord76"
"764","1461254382","tb_track_record76","3/7/2012 15:29:52","28/11/2013 17:47:55","TrackRecord76"
"765","4191719393","tb_track_record76","3/7/2012 15:29:52","28/11/2013 17:47:55","TrackRecord76"
"766","2962640681","tb_track_record76","3/7/2012 15:29:52","28/11/2013 17:47:55","TrackRecord76"
"767","3044909296","tb_track_record76","3/7/2012 15:29:52","28/11/2013 17:47:55","TrackRecord76"
"768","3107298303","tb_track_record76","3/7/2012 15:29:52","28/11/2013 17:47:55","TrackRecord76"
"769","1482864457","tb_track_record76","3/7/2012 15:29:52","28/11/2013 17:47:55","TrackRecord76"
"770","407326399","tb_track_record76","3/7/2012 15:29:52","28/11/2013 17:47:55","TrackRecord76"
"771","1390451571","tb_track_record77","3/7/2012 15:29:52","28/11/2013 17:47:55","TrackRecord77"
"772","2176080617","tb_track_record77","3/7/2012 15:29:52","28/11/2013 17:47:55","TrackRecord77"
"773","2876033187","tb_track_record77","3/7/2012 15:29:52","28/11/2013 17:47:55","TrackRecord77"
"774","3088467210","tb_track_record77","3/7/2012 15:29:52","28/11/2013 17:47:55","TrackRecord77"
"775","2901233647","tb_track_record77","3/7/2012 15:29:52","28/11/2013 17:47:55","TrackRecord77"
"776","4042676918","tb_track_record77","3/7/2012 15:29:52","28/11/2013 17:47:55","TrackRecord77"
"777","3713363381","tb_track_record77","3/7/2012 15:29:52","28/11/2013 17:47:55","TrackRecord77"
"778","3687790102","tb_track_record77","3/7/2012 15:29:52","28/11/2013 17:47:55","TrackRecord77"
"779","3748065014","tb_track_record77","3/7/2012 15:29:52","28/11/2013 17:47:55","TrackRecord77"
"780","3183885190","tb_track_record77","3/7/2012 15:29:52","28/11/2013 17:47:55","TrackRecord77"
"781","747293365","tb_track_record78","3/7/2012 15:29:52","28/11/2013 17:47:55","TrackRecord78"
"782","215832905","tb_track_record78","3/7/2012 15:29:52","28/11/2013 17:47:55","TrackRecord78"
"783","1231790652","tb_track_record78","3/7/2012 15:29:52","28/11/2013 17:47:55","TrackRecord78"
"784","963146288","tb_track_record78","3/7/2012 15:29:52","28/11/2013 17:47:55","TrackRecord78"
"785","4136729234","tb_track_record78","3/7/2012 15:29:52","28/11/2013 17:47:55","TrackRecord78"
"786","3703956068","tb_track_record78","3/7/2012 15:29:52","28/11/2013 17:47:55","TrackRecord78"
"787","1583302655","tb_track_record78","3/7/2012 15:29:52","28/11/2013 17:47:55","TrackRecord78"
"788","1944517141","tb_track_record78","3/7/2012 15:29:52","28/11/2013 17:47:55","TrackRecord78"
"789","784801382","tb_track_record78","3/7/2012 15:29:52","28/11/2013 17:47:55","TrackRecord78"
"790","1074392392","tb_track_record78","3/7/2012 15:29:52","28/11/2013 17:47:55","TrackRecord78"
"791","2820074783","tb_track_record79","3/7/2012 15:29:52","28/11/2013 17:47:55","TrackRecord79"
"792","2477438120","tb_track_record79","3/7/2012 15:29:52","28/11/2013 17:47:55","TrackRecord79"
"793","3726150820","tb_track_record79","3/7/2012 15:29:52","28/11/2013 17:47:55","TrackRecord79"
"794","666416395","tb_track_record79","3/7/2012 15:29:52","28/11/2013 17:47:55","TrackRecord79"
"795","1977624734","tb_track_record79","3/7/2012 15:29:52","28/11/2013 17:47:55","TrackRecord79"
"796","4055118179","tb_track_record79","3/7/2012 15:29:52","28/11/2013 17:47:55","TrackRecord79"
"797","2674739337","tb_track_record79","3/7/2012 15:29:52","28/11/2013 17:47:55","TrackRecord79"
"798","2025415406","tb_track_record79","3/7/2012 15:29:52","28/11/2013 17:47:55","TrackRecord79"
"799","3076351842","tb_track_record79","3/7/2012 15:29:52","28/11/2013 17:47:55","TrackRecord79"
"800","3910591102","tb_track_record79","3/7/2012 15:29:52","28/11/2013 17:47:55","TrackRecord79"
"801","1476898959","tb_track_record80","3/7/2012 15:29:52","28/11/2013 17:47:55","TrackRecord80"
"802","3797916658","tb_track_record80","3/7/2012 15:29:52","28/11/2013 17:47:55","TrackRecord80"
"803","2499774456","tb_track_record80","3/7/2012 15:29:52","28/11/2013 17:47:55","TrackRecord80"
"804","1782319777","tb_track_record80","3/7/2012 15:29:52","28/11/2013 17:47:55","TrackRecord80"
"805","34649563","tb_track_record80","3/7/2012 15:29:52","28/11/2013 17:47:55","TrackRecord80"
"806","2791413993","tb_track_record80","3/7/2012 15:29:52","28/11/2013 17:47:55","TrackRecord80"
"807","1412026677","tb_track_record80","3/7/2012 15:29:52","28/11/2013 17:47:55","TrackRecord80"
"808","3255747756","tb_track_record80","3/7/2012 15:29:52","28/11/2013 17:47:55","TrackRecord80"
"809","112760381","tb_track_record80","3/7/2012 15:29:52","28/11/2013 17:47:55","TrackRecord80"
"810","1591354363","tb_track_record80","3/7/2012 15:29:52","28/11/2013 17:47:55","TrackRecord80"
"811","1376658078","tb_track_record81","3/7/2012 15:29:52","28/11/2013 17:47:55","TrackRecord81"
"812","3410735031","tb_track_record81","3/7/2012 15:29:52","28/11/2013 17:47:55","TrackRecord81"
"813","711559494","tb_track_record81","3/7/2012 15:29:52","28/11/2013 17:47:55","TrackRecord81"
"814","482328273","tb_track_record81","3/7/2012 15:29:52","28/11/2013 17:47:55","TrackRecord81"
"815","2139201265","tb_track_record81","3/7/2012 15:29:52","28/11/2013 17:47:55","TrackRecord81"
"816","4066227373","tb_track_record81","3/7/2012 15:29:52","28/11/2013 17:47:55","TrackRecord81"
"817","1180626129","tb_track_record81","3/7/2012 15:29:52","28/11/2013 17:47:55","TrackRecord81"
"818","3695763485","tb_track_record81","3/7/2012 15:29:52","28/11/2013 17:47:55","TrackRecord81"
"819","248888723","tb_track_record81","3/7/2012 15:29:52","28/11/2013 17:47:55","TrackRecord81"
"820","1657208113","tb_track_record81","3/7/2012 15:29:52","28/11/2013 17:47:55","TrackRecord81"
"821","3584257627","tb_track_record82","3/7/2012 15:29:52","28/11/2013 17:47:55","TrackRecord82"
"822","1589922828","tb_track_record82","3/7/2012 15:29:52","28/11/2013 17:47:55","TrackRecord82"
"823","2474695422","tb_track_record82","3/7/2012 15:29:52","28/11/2013 17:47:55","TrackRecord82"
"824","474974492","tb_track_record82","3/7/2012 15:29:52","28/11/2013 17:47:55","TrackRecord82"
"825","4141366247","tb_track_record82","3/7/2012 15:29:52","28/11/2013 17:47:55","TrackRecord82"
"826","1439986404","tb_track_record82","3/7/2012 15:29:52","28/11/2013 17:47:55","TrackRecord82"
"827","612642437","tb_track_record82","3/7/2012 15:29:52","28/11/2013 17:47:55","TrackRecord82"
"828","901312074","tb_track_record82","3/7/2012 15:29:52","28/11/2013 17:47:55","TrackRecord82"
"829","2328423127","tb_track_record82","3/7/2012 15:29:52","28/11/2013 17:47:55","TrackRecord82"
"830","893289843","tb_track_record82","3/7/2012 15:29:52","28/11/2013 17:47:55","TrackRecord82"
"831","3844091222","tb_track_record83","3/7/2012 15:29:52","28/11/2013 17:47:55","TrackRecord83"
"832","600980026","tb_track_record83","3/7/2012 15:29:52","28/11/2013 17:47:55","TrackRecord83"
"833","1632986827","tb_track_record83","3/7/2012 15:29:52","28/11/2013 17:47:55","TrackRecord83"
"834","269093909","tb_track_record83","3/7/2012 15:29:52","28/11/2013 17:47:55","TrackRecord83"
"835","2443437607","tb_track_record83","3/7/2012 15:29:52","28/11/2013 17:47:55","TrackRecord83"
"836","1079454989","tb_track_record83","3/7/2012 15:29:52","28/11/2013 17:47:55","TrackRecord83"
"837","2848341054","tb_track_record83","3/7/2012 15:29:52","28/11/2013 17:47:55","TrackRecord83"
"838","3916412259","tb_track_record83","3/7/2012 15:29:52","28/11/2013 17:47:55","TrackRecord83"
"839","2114582953","tb_track_record83","3/7/2012 15:29:52","28/11/2013 17:47:55","TrackRecord83"
"840","533553972","tb_track_record83","3/7/2012 15:29:52","28/11/2013 17:47:55","TrackRecord83"
"841","944100012","tb_track_record84","3/7/2012 15:29:52","28/11/2013 17:47:55","TrackRecord84"
"842","561537770","tb_track_record84","3/7/2012 15:29:52","28/11/2013 17:47:55","TrackRecord84"
"843","661963816","tb_track_record84","3/7/2012 15:29:52","28/11/2013 17:47:55","TrackRecord84"
"844","2944006473","tb_track_record84","3/7/2012 15:29:52","28/11/2013 17:47:55","TrackRecord84"
"845","1571231277","tb_track_record84","3/7/2012 15:29:52","28/11/2013 17:47:55","TrackRecord84"
"846","291331143","tb_track_record84","3/7/2012 15:29:52","28/11/2013 17:47:55","TrackRecord84"
"847","1648888218","tb_track_record84","3/7/2012 15:29:52","28/11/2013 17:47:55","TrackRecord84"
"848","2791881351","tb_track_record84","3/7/2012 15:29:52","28/11/2013 17:47:55","TrackRecord84"
"849","1389945806","tb_track_record84","3/7/2012 15:29:52","28/11/2013 17:47:55","TrackRecord84"
"850","835711137","tb_track_record84","3/7/2012 15:29:52","28/11/2013 17:47:55","TrackRecord84"
"851","4165604467","tb_track_record85","3/7/2012 15:29:52","28/11/2013 17:47:55","TrackRecord85"
"852","1569914756","tb_track_record85","3/7/2012 15:29:52","28/11/2013 17:47:55","TrackRecord85"
"853","770468739","tb_track_record85","3/7/2012 15:29:52","28/11/2013 17:47:55","TrackRecord85"
"854","1931498833","tb_track_record85","3/7/2012 15:29:52","28/11/2013 17:47:55","TrackRecord85"
"855","1637596370","tb_track_record85","3/7/2012 15:29:52","28/11/2013 17:47:55","TrackRecord85"
"856","3537133491","tb_track_record85","3/7/2012 15:29:52","28/11/2013 17:47:55","TrackRecord85"
"857","1272419913","tb_track_record85","3/7/2012 15:29:52","28/11/2013 17:47:55","TrackRecord85"
"858","1247931378","tb_track_record85","3/7/2012 15:29:52","28/11/2013 17:47:55","TrackRecord85"
"859","4254351321","tb_track_record85","3/7/2012 15:29:52","28/11/2013 17:47:55","TrackRecord85"
"860","2743964314","tb_track_record85","3/7/2012 15:29:52","28/11/2013 17:47:55","TrackRecord85"
"861","957927005","tb_track_record86","3/7/2012 15:29:52","28/11/2013 17:47:55","TrackRecord86"
"862","1124691611","tb_track_record86","3/7/2012 15:29:52","28/11/2013 17:47:55","TrackRecord86"
"863","3509678491","tb_track_record86","3/7/2012 15:29:52","28/11/2013 17:47:55","TrackRecord86"
"864","1268654759","tb_track_record86","3/7/2012 15:29:52","28/11/2013 17:47:55","TrackRecord86"
"865","2272718662","tb_track_record86","3/7/2012 15:29:52","28/11/2013 17:47:55","TrackRecord86"
"866","729474482","tb_track_record86","3/7/2012 15:29:52","28/11/2013 17:47:55","TrackRecord86"
"867","4213020208","tb_track_record86","3/7/2012 15:29:52","28/11/2013 17:47:55","TrackRecord86"
"868","3214404788","tb_track_record86","3/7/2012 15:29:52","28/11/2013 17:47:55","TrackRecord86"
"869","1134549184","tb_track_record86","3/7/2012 15:29:52","28/11/2013 17:47:55","TrackRecord86"
"870","3372604474","tb_track_record86","3/7/2012 15:29:52","28/11/2013 17:47:55","TrackRecord86"
"871","2245861370","tb_track_record87","3/7/2012 15:29:52","28/11/2013 17:47:55","TrackRecord87"
"872","2088098117","tb_track_record87","3/7/2012 15:29:52","28/11/2013 17:47:55","TrackRecord87"
"873","1758784829","tb_track_record87","3/7/2012 15:29:52","28/11/2013 17:47:55","TrackRecord87"
"874","3531811832","tb_track_record87","3/7/2012 15:29:52","28/11/2013 17:47:55","TrackRecord87"
"875","835598702","tb_track_record87","3/7/2012 15:29:52","28/11/2013 17:47:55","TrackRecord87"
"876","1298516233","tb_track_record87","3/7/2012 15:29:52","28/11/2013 17:47:55","TrackRecord87"
"877","3554550788","tb_track_record87","3/7/2012 15:29:52","28/11/2013 17:47:55","TrackRecord87"
"878","959167574","tb_track_record87","3/7/2012 15:29:52","28/11/2013 17:47:55","TrackRecord87"
"879","19825367","tb_track_record87","3/7/2012 15:29:52","28/11/2013 17:47:55","TrackRecord87"
"880","1285281252","tb_track_record87","3/7/2012 15:29:52","28/11/2013 17:47:55","TrackRecord87"
"881","1534781726","tb_track_record88","3/7/2012 15:29:52","28/11/2013 17:47:55","TrackRecord88"
"882","72830462","tb_track_record88","3/7/2012 15:29:52","28/11/2013 17:47:55","TrackRecord88"
"883","3141732495","tb_track_record88","3/7/2012 15:29:52","28/11/2013 17:47:55","TrackRecord88"
"884","3828072637","tb_track_record88","3/7/2012 15:29:52","28/11/2013 17:47:55","TrackRecord88"
"885","2202399334","tb_track_record88","3/7/2012 15:29:52","28/11/2013 17:47:55","TrackRecord88"
"886","2537618952","tb_track_record88","3/7/2012 15:29:52","28/11/2013 17:47:55","TrackRecord88"
"887","2026818197","tb_track_record88","3/7/2012 15:29:52","28/11/2013 17:47:55","TrackRecord88"
"888","2677026069","tb_track_record88","3/7/2012 15:29:52","28/11/2013 17:47:55","TrackRecord88"
"889","2712797263","tb_track_record88","3/7/2012 15:29:52","28/11/2013 17:47:55","TrackRecord88"
"890","3770981690","tb_track_record88","3/7/2012 15:29:52","28/11/2013 17:47:55","TrackRecord88"
"891","2962591949","tb_track_record89","3/7/2012 15:29:52","28/11/2013 17:47:55","TrackRecord89"
"892","4130449389","tb_track_record89","3/7/2012 15:29:52","28/11/2013 17:47:55","TrackRecord89"
"893","4209282313","tb_track_record89","3/7/2012 15:29:52","28/11/2013 17:47:55","TrackRecord89"
"894","1513259747","tb_track_record89","3/7/2012 15:29:52","28/11/2013 17:47:55","TrackRecord89"
"895","2828264594","tb_track_record89","3/7/2012 15:29:52","28/11/2013 17:47:55","TrackRecord89"
"896","3475184629","tb_track_record89","3/7/2012 15:29:52","28/11/2013 17:47:55","TrackRecord89"
"897","2917054516","tb_track_record89","3/7/2012 15:29:52","28/11/2013 17:47:55","TrackRecord89"
"898","3483669585","tb_track_record89","3/7/2012 15:29:52","28/11/2013 17:47:55","TrackRecord89"
"899","4105625497","tb_track_record89","3/7/2012 15:29:52","28/11/2013 17:47:55","TrackRecord89"
"900","1169734635","tb_track_record89","3/7/2012 15:29:52","28/11/2013 17:47:55","TrackRecord89"
"901","1815008711","tb_track_record90","3/7/2012 15:29:52","28/11/2013 17:47:55","TrackRecord90"
"902","302514154","tb_track_record90","3/7/2012 15:29:52","28/11/2013 17:47:55","TrackRecord90"
"903","374785782","tb_track_record90","3/7/2012 15:29:52","28/11/2013 17:47:55","TrackRecord90"
"904","53790101","tb_track_record90","3/7/2012 15:29:52","28/11/2013 17:47:55","TrackRecord90"
"905","3505442338","tb_track_record90","3/7/2012 15:29:52","28/11/2013 17:47:55","TrackRecord90"
"906","613414769","tb_track_record90","3/7/2012 15:29:52","28/11/2013 17:47:55","TrackRecord90"
"907","2645755828","tb_track_record90","3/7/2012 15:29:52","28/11/2013 17:47:55","TrackRecord90"
"908","3229480927","tb_track_record90","3/7/2012 15:29:52","28/11/2013 17:47:55","TrackRecord90"
"909","4240311207","tb_track_record90","3/7/2012 15:29:52","28/11/2013 17:47:55","TrackRecord90"
"910","1543461185","tb_track_record90","3/7/2012 15:29:52","28/11/2013 17:47:55","TrackRecord90"
"911","2563192494","tb_track_record91","3/7/2012 15:29:52","28/11/2013 17:47:55","TrackRecord91"
"912","2635385704","tb_track_record91","3/7/2012 15:29:52","28/11/2013 17:47:55","TrackRecord91"
"913","2375177313","tb_track_record91","3/7/2012 15:29:52","28/11/2013 17:47:55","TrackRecord91"
"914","141712712","tb_track_record91","3/7/2012 15:29:52","28/11/2013 17:47:55","TrackRecord91"
"915","2038468744","tb_track_record91","3/7/2012 15:29:52","28/11/2013 17:47:55","TrackRecord91"
"916","126470120","tb_track_record91","3/7/2012 15:29:52","28/11/2013 17:47:55","TrackRecord91"
"917","276232115","tb_track_record91","3/7/2012 15:29:52","28/11/2013 17:47:55","TrackRecord91"
"918","1610664770","tb_track_record91","3/7/2012 15:29:52","28/11/2013 17:47:55","TrackRecord91"
"919","2316624612","tb_track_record91","3/7/2012 15:29:52","28/11/2013 17:47:55","TrackRecord91"
"920","2089271608","tb_track_record91","3/7/2012 15:29:52","28/11/2013 17:47:55","TrackRecord91"
"921","2139894270","tb_track_record92","3/7/2012 15:29:52","28/11/2013 17:47:55","TrackRecord92"
"922","49710978","tb_track_record92","3/7/2012 15:29:52","28/11/2013 17:47:55","TrackRecord92"
"923","3301156468","tb_track_record92","3/7/2012 15:29:52","28/11/2013 17:47:55","TrackRecord92"
"924","823666297","tb_track_record92","3/7/2012 15:29:52","28/11/2013 17:47:55","TrackRecord92"
"925","511559501","tb_track_record92","3/7/2012 15:29:52","28/11/2013 17:47:55","TrackRecord92"
"926","1014655170","tb_track_record92","3/7/2012 15:29:52","28/11/2013 17:47:55","TrackRecord92"
"927","2256728610","tb_track_record92","3/7/2012 15:29:52","28/11/2013 17:47:55","TrackRecord92"
"928","3416518086","tb_track_record92","3/7/2012 15:29:52","28/11/2013 17:47:55","TrackRecord92"
"929","1624570407","tb_track_record92","3/7/2012 15:29:52","28/11/2013 17:47:55","TrackRecord92"
"930","473945234","tb_track_record92","3/7/2012 15:29:52","28/11/2013 17:47:55","TrackRecord92"
"931","1711155822","tb_track_record93","3/7/2012 15:29:52","28/11/2013 17:47:55","TrackRecord93"
"932","327753703","tb_track_record93","3/7/2012 15:29:52","28/11/2013 17:47:55","TrackRecord93"
"933","3133761953","tb_track_record93","3/7/2012 15:29:52","28/11/2013 17:47:55","TrackRecord93"
"934","2632072205","tb_track_record93","3/7/2012 15:29:52","28/11/2013 17:47:55","TrackRecord93"
"935","875770118","tb_track_record93","3/7/2012 15:29:52","28/11/2013 17:47:55","TrackRecord93"
"936","1389549620","tb_track_record93","3/7/2012 15:29:52","28/11/2013 17:47:55","TrackRecord93"
"937","2361512118","tb_track_record93","3/7/2012 15:29:52","28/11/2013 17:47:55","TrackRecord93"
"938","261251654","tb_track_record93","3/7/2012 15:29:52","28/11/2013 17:47:55","TrackRecord93"
"939","3537972680","tb_track_record93","3/7/2012 15:29:52","28/11/2013 17:47:55","TrackRecord93"
"940","2930244031","tb_track_record93","3/7/2012 15:29:52","28/11/2013 17:47:55","TrackRecord93"
"941","2637097389","tb_track_record94","3/7/2012 15:29:52","28/11/2013 17:47:55","TrackRecord94"
"942","408948363","tb_track_record94","3/7/2012 15:29:52","28/11/2013 17:47:55","TrackRecord94"
"943","1159537390","tb_track_record94","3/7/2012 15:29:52","28/11/2013 17:47:55","TrackRecord94"
"944","1509667914","tb_track_record94","3/7/2012 15:29:52","28/11/2013 17:47:55","TrackRecord94"
"945","1675058568","tb_track_record94","3/7/2012 15:29:52","28/11/2013 17:47:55","TrackRecord94"
"946","3821392788","tb_track_record94","3/7/2012 15:29:52","28/11/2013 17:47:55","TrackRecord94"
"947","652749307","tb_track_record94","3/7/2012 15:29:52","28/11/2013 17:47:55","TrackRecord94"
"948","2906133991","tb_track_record94","3/7/2012 15:29:52","28/11/2013 17:47:55","TrackRecord94"
"949","1595297260","tb_track_record94","3/7/2012 15:29:52","28/11/2013 17:47:55","TrackRecord94"
"950","3818753774","tb_track_record94","3/7/2012 15:29:52","28/11/2013 17:47:55","TrackRecord94"
"951","3499328186","tb_track_record95","3/7/2012 15:29:52","28/11/2013 17:47:55","TrackRecord95"
"952","4065733849","tb_track_record95","3/7/2012 15:29:52","28/11/2013 17:47:55","TrackRecord95"
"953","2215088824","tb_track_record95","3/7/2012 15:29:52","28/11/2013 17:47:55","TrackRecord95"
"954","2682221718","tb_track_record95","3/7/2012 15:29:52","28/11/2013 17:47:55","TrackRecord95"
"955","2663153801","tb_track_record95","3/7/2012 15:29:52","28/11/2013 17:47:55","TrackRecord95"
"956","3207127754","tb_track_record95","3/7/2012 15:29:52","28/11/2013 17:47:55","TrackRecord95"
"957","3951849708","tb_track_record95","3/7/2012 15:29:52","28/11/2013 17:47:55","TrackRecord95"
"958","2959770276","tb_track_record95","3/7/2012 15:29:52","28/11/2013 17:47:55","TrackRecord95"
"959","1131623155","tb_track_record95","3/7/2012 15:29:52","28/11/2013 17:47:55","TrackRecord95"
"960","2796263391","tb_track_record95","3/7/2012 15:29:52","28/11/2013 17:47:55","TrackRecord95"
"961","3625881532","tb_track_record96","3/7/2012 15:29:52","28/11/2013 17:47:55","TrackRecord96"
"962","236654740","tb_track_record96","3/7/2012 15:29:52","28/11/2013 17:47:55","TrackRecord96"
"963","3068227468","tb_track_record96","3/7/2012 15:29:52","28/11/2013 17:47:55","TrackRecord96"
"964","2420673164","tb_track_record96","3/7/2012 15:29:52","28/11/2013 17:47:55","TrackRecord96"
"965","2846030911","tb_track_record96","3/7/2012 15:29:52","28/11/2013 17:47:55","TrackRecord96"
"966","4192483231","tb_track_record96","3/7/2012 15:29:52","28/11/2013 17:47:55","TrackRecord96"
"967","578741685","tb_track_record96","3/7/2012 15:29:52","28/11/2013 17:47:55","TrackRecord96"
"968","561517910","tb_track_record96","3/7/2012 15:29:52","28/11/2013 17:47:55","TrackRecord96"
"969","3902960268","tb_track_record96","3/7/2012 15:29:52","28/11/2013 17:47:55","TrackRecord96"
"970","1182483354","tb_track_record96","3/7/2012 15:29:52","28/11/2013 17:47:55","TrackRecord96"
"971","443470016","tb_track_record97","3/7/2012 15:29:52","28/11/2013 17:47:55","TrackRecord97"
"972","2913276281","tb_track_record97","3/7/2012 15:29:52","28/11/2013 17:47:55","TrackRecord97"
"973","2074599318","tb_track_record97","3/7/2012 15:29:52","28/11/2013 17:47:55","TrackRecord97"
"974","2805175764","tb_track_record97","3/7/2012 15:29:52","28/11/2013 17:47:55","TrackRecord97"
"975","3839889241","tb_track_record97","3/7/2012 15:29:52","28/11/2013 17:47:55","TrackRecord97"
"976","2749745880","tb_track_record97","3/7/2012 15:29:52","28/11/2013 17:47:55","TrackRecord97"
"977","988842103","tb_track_record97","3/7/2012 15:29:52","28/11/2013 17:47:55","TrackRecord97"
"978","39008041","tb_track_record97","3/7/2012 15:29:52","28/11/2013 17:47:55","TrackRecord97"
"979","4058420988","tb_track_record97","3/7/2012 15:29:52","28/11/2013 17:47:55","TrackRecord97"
"980","553604747","tb_track_record97","3/7/2012 15:29:52","28/11/2013 17:47:55","TrackRecord97"
"981","2192278866","tb_track_record98","3/7/2012 15:29:52","28/11/2013 17:47:55","TrackRecord98"
"982","1950647162","tb_track_record98","3/7/2012 15:29:52","28/11/2013 17:47:55","TrackRecord98"
"983","2540525313","tb_track_record98","3/7/2012 15:29:52","28/11/2013 17:47:55","TrackRecord98"
"984","69653716","tb_track_record98","3/7/2012 15:29:52","28/11/2013 17:47:55","TrackRecord98"
"985","3586817160","tb_track_record98","3/7/2012 15:29:52","28/11/2013 17:47:55","TrackRecord98"
"986","3403994218","tb_track_record98","3/7/2012 15:29:52","28/11/2013 17:47:55","TrackRecord98"
"987","1400935307","tb_track_record98","3/7/2012 15:29:52","28/11/2013 17:47:55","TrackRecord98"
"988","2578535255","tb_track_record98","3/7/2012 15:29:52","28/11/2013 17:47:55","TrackRecord98"
"989","3281456272","tb_track_record98","3/7/2012 15:29:52","28/11/2013 17:47:55","TrackRecord98"
"990","620811002","tb_track_record98","3/7/2012 15:29:52","28/11/2013 17:47:55","TrackRecord98"
"991","2141570252","tb_track_record99","3/7/2012 15:29:52","28/11/2013 17:47:55","TrackRecord99"
"992","262213795","tb_track_record99","3/7/2012 15:29:52","28/11/2013 17:47:55","TrackRecord99"
"993","2270680830","tb_track_record99","3/7/2012 15:29:52","28/11/2013 17:47:55","TrackRecord99"
"994","2655187853","tb_track_record99","3/7/2012 15:29:52","28/11/2013 17:47:55","TrackRecord99"
"995","1343837559","tb_track_record99","3/7/2012 15:29:52","28/11/2013 17:47:55","TrackRecord99"
"996","337399986","tb_track_record99","3/7/2012 15:29:52","28/11/2013 17:47:55","TrackRecord99"
"997","2465470968","tb_track_record99","3/7/2012 15:29:52","28/11/2013 17:47:55","TrackRecord99"
"998","321865299","tb_track_record99","3/7/2012 15:29:52","28/11/2013 17:47:55","TrackRecord99"
"999","1281021204","tb_track_record99","3/7/2012 15:29:52","28/11/2013 17:47:55","TrackRecord99"
"1000","1194380845","tb_track_record99","3/7/2012 15:29:52","28/11/2013 17:47:55","TrackRecord99"
